stage_name,full_name,date_of_birth,group,country,birthplace,gender,instagram
Hyunseung,Jang Hyunseung,1989-09-03,,South Korea,Suncheon,M,
Hyunseung,Kim Hyunseung,2002-10-15,YOUNITE,South Korea,,M,
Keeho,Yoon Kiho,2001-09-27,P1Harmony,Canada,,M,
Louis,Kim Taewoo,1999-04-23,BLANK2Y,South Korea,,M,
Louis,Yang Dongsik,2001-04-08,Kingdom,South Korea,,M,
Dayoung,Im Dayoung,1999-05-14,Cosmic Girls,South Korea,Jeju,F,
Dayoung,Kim Dayoung,1991-02-02,Blady,South Korea,Jeonju,F,loloola22_
Teo,Jang Sungsik,1997-10-22,DKB,South Korea,,M,
SongSun,Kim Songsun,1997-03-22,TRI.BE,South Korea,,F,
Hyebin,Im Hyebin,1999-11-10,Highteen,South Korea,,F,
Hyebin,Kim Hyebin,1997-03-29,AREAL,South Korea,,F,
Hyebin,Lee Hyebin,1996-01-12,MOMOLAND,South Korea,Andong,F,
Ren,Choi Minki,1995-11-03,NU'EST,South Korea,Busan,M,
Yeori,Choi Yeori,1999-09-08,ARIAZ,South Korea,,F,
Yeori,Kim Soyeon,1994-05-30,Gate9,South Korea,Seoul,F,yeori_g9
Junheok,Cheon Junheok,2004-09-20,TNX,South Korea,Hwaseong,M,
Zico,Woo Jiho,1992-09-14,Block B,South Korea,Seoul,M,
Eunjo,Park Eunjo,2002-03-07,Dreamnote,South Korea,,F,
Sunghoon,Park Sunghoon,2002-12-08,ENHYPEN,South Korea,,M,
Hyunseong,Shim Hyunseong,1993-06-09,Boyfriend,South Korea,Yeongcheon,M,
Ivan,Park Yooseong,2001-10-12,Kingdom,South Korea,,M,
Dabi,Park Jiwon,2000-01-19,AREAL,South Korea,,F,
Haein,Yeom Haein,1995-05-19,LABOUM,South Korea,Ojeonggu,F,
Yooyeon,Kim Yooyeon,2001-02-09,tripleS,South Korea,Seoul,F,
Baekho,Kang Dongho,1995-07-21,NU'EST,South Korea,Jeju,M,
Yubin,Bae Yubin,1997-09-09,Oh My Girl,South Korea,Chuncheon,F,
Yubin,Cho Yubin,1999-10-09,,South Korea,,F,
Yubin,Jang Yubin,2004-06-10,Mirae,South Korea,,M,
Yubin,Kim Yubin,2002-02-27,Wonder Girls,South Korea,,F,
Jungkook,Jeon Jungkook,1997-09-01,BTS,South Korea,Busan,M,
Sunshine,Kim Minjung,2002-06-20,NATURE,South Korea,,F,
Haseul,Jo Haseul,1997-08-18,LOONA,South Korea,Ansan,F,
Yugyeom,Kim Yugyeom,1997-11-17,GOT7,South Korea,Namyangju,M,
Hyunuk,Han Hyunuk,1994-09-26,IN2IT,South Korea,,M,
Hoyoung,Bae Hoyoung,1998-08-10,Verivery,South Korea,,M,
Minji,Kim Minji,2004-05-07,NewJeans,South Korea,,F,
Yunho,Jeong Yunho,1999-03-23,ATEEZ,South Korea,Gwangju,M,
Chanyoung,Kim Chanyoung,2000-11-20,D-CRUNCH,South Korea,,M,
Wonho,Shin Hoseok,1993-03-01,,South Korea,Anyang,M,
Taeheon,Kim Taeheon,1989-06-18,ZE:A,South Korea,Gwangju,M,
Dawon,Cho Dawon,2000-05-12,VARSITY,South Korea,,M,
Dawon,Lee Dawon,1996-12-02,ARIAZ,South Korea,,F,
Dawon,Lee Sanghyuk,1995-07-24,SF9,South Korea,,M,
Dawon,Nam Dawon,1997-03-16,Cosmic Girls,South Korea,Seoul,F,
Jungwoo,Kim Jungwoo,1998-02-19,NCT,South Korea,,M,
Jungwoo,Uhm Jungwoo,1999-04-02,BVNDIT,South Korea,,F,
Min,Lee Mincheon,1997-10-16,We In The Zone,South Korea,Seoul,M,
Min,Lee Minyoung,1991-06-21,miss A,South Korea,Seoul,F,therealminnn
Munik,Jang Moonik,2001-03-20,Dongkiz,South Korea,,M,
Wondae,Seol Wondae,1998-04-28,Dongkiz,South Korea,,M,
Yeoun,Lee Kyeongbin,1997-09-03,ARGON,South Korea,,M,
Intak,Hwang Intak,2003-08-31,P1Harmony,South Korea,,M,
Eun,Choi Eunmi,1990-05-14,Two X,South Korea,,F,
Giru,Park Giru,1991-08-14,Blady,South Korea,Incheon,F,giru_p
Yuri,Jo Yuri,2001-10-22,IZ*ONE,South Korea,Busan,F,
Yuri,Kwon Yuri,1989-12-05,SNSD,South Korea,Goyang,F,yulyulk
Gayoung,Kim Gayoung,1991-12-02,Stellar,South Korea,Seoul,F,
Sakura,Miyawaki Sakura,1998-03-19,LE SSERAFIM,Japan,Kagoshima,F,
Daehwi,Lee Daehwi,2001-01-29,AB6IX,South Korea,Seoul,M,
Gayoon,Heo Gayoon,1990-05-18,4minute,South Korea,Seoul,F,gayoon_heo
JOO,Jung Minjoo,1990-10-11,,South Korea,Seoul,F,
Wenhan,Li Wenhan,1994-07-22,UNIQ,China,,M,
Sunn,Hwang Jiwon,2000-02-07,,South Korea,Jincheon,F,
Yesung,Kim Jongwoon,1984-08-24,Super Junior,South Korea,Seoul,M,
Chaeyoung,Lee Chaeyoung,2000-05-14,fromis_9,South Korea,Pohang,F,
Chaeyoung,Son Chaeyoung,1999-04-23,Twice,South Korea,Seoul,F,
Yeonwoo,Lee Dabin,1996-08-01,,South Korea,Seoul,F,
Seungyeon,Han Seungyeon,1988-07-24,KARA,South Korea,Seoul,F,
Seungyeon,Jang Seunyeon,1996-11-06,CLC,South Korea,Seongnam,F,
Lew,Lee Euiwoong,2001-04-05,TEMPEST,South Korea,,M,
Minseo,Kim Minseo,2004-08-12,woo!ah!,South Korea,,M,
Minseo,Park Minseo,2003-03-21,Saturday,South Korea,,F,
Jonghyun†,Kim Jonghyun,1990-04-08,,South Korea,Seoul,M,
Irene,Bae Juhyun,1991-03-29,Red Velvet,South Korea,Daegu,F,
Shotaro,Osaki Shotaro,2000-11-25,NCT,Japan,,M,
Terry,Han Dasom,1998-02-02,,South Korea,,F,
Bit,No Minjae,2004-07-21,BAE173,South Korea,,M,
Jisoo,Jung Jisoo,2003-11-22,Busters,South Korea,,F,
Jisoo,Kim Jisoo,1995-01-03,BLACKPINK,South Korea,Seoul,F,
Jisoo,Seo Jisoo,1994-02-11,Lovelyz,South Korea,Incheon,F,
Jisoo,Shin Jisoo,1994-02-28,Tahiti,South Korea,Chuncheon,F,
Kibum,Kim Kibum,1987-08-21,,South Korea,Seoul,M,
Seoryoung,Lee Seoryung,2000-01-26,GWSN,South Korea,,F,
Hongseok,Yang Hongseok,1994-04-17,PENTAGON,South Korea,,M,
Heedo,Yoon Heedo,1996-04-22,B.I.G,South Korea,Seoul,M,
Luhan,Lu Han,1990-04-20,,China,Haidian,M,
Raina,Oh Hyerin,1989-05-07,After School,South Korea,Ulsan,F,raina_57
Sunoo,Kim Sunwoo,2003-06-24,ENHYPEN,South Korea,,M,
Ahyoung,Cho Jayoung,1991-05-26,Dal Shabet,South Korea,Seoul,F,
Youngwoong,Cho Youngwoon,1999-05-01,14U,South Korea,,M,
Bomi,Yoon Bomi,1993-08-13,Apink,South Korea,Suwon,F,
Choerry,Choi Yerim,2001-06-04,LOONA,South Korea,,F,
Jungwon,Yang Jungwon,2004-02-09,ENHYPEN,South Korea,,M,
Kei,Kim Jiyeon,1995-03-20,Lovelyz,South Korea,Incheon,F,
Nana,Im Jinah,1991-09-14,After School,South Korea,Cheongju,F,jin_a_nana
Nana,Kwon Nayeon,2001-03-09,woo!ah!,South Korea,,F,
Ayden,Kwon Yejun,2005-01-24,EPEX,South Korea,,M,
Heechan,Yang Heechan,1999-07-31,DKB,South Korea,,M,
Nicole,Nicole Jung,1991-10-07,,South Korea,Los Angeles,F,
G.O,Jung Byunghee,1987-11-06,MBLAQ,South Korea,Changwon,M,
Alex,Alexander Schmidt Lee,2004-10-06,DRIPPIN,Germany,,M,
Jinwoo,Lee Jinwoo,2004-09-13,Ghost9,South Korea,,M,
Juhaknyeon,Ju Haknyeon,1999-03-09,The Boyz,South Korea,Jeju,M,
Boa,Kim Boah,1987-01-14,KEEMBO,South Korea,,F,
Kazuha,Nakamura Kazuha,2003-08-09,LE SSERAFIM,Japan,Osaka,F,
Hyeri,Lee Hyeri,1994-06-09,Girl's Day,South Korea,Gwangju,F,hyeri_0609
Jungshin,Lee Jungshin,1991-09-15,CNBLUE,South Korea,,M,
Marin,Yasufuku Marin,2001-03-17,Bling Bling,Japan,Osaka,F,
Rainie,Chu Chingyu,2000-11-16,bugAboo,Taiwan,,F,
Kangsung,Lee Kangsung,2002-08-08,Ghost9,South Korea,,M,
Ria,Kuwayama Ria,1998-02-03,BOTOPASS,Japan,,F,
B-Joo,Kim Byungjoo,1994-01-08,Topp Dogg,South Korea,Seoul,M,
Naeun,Lee Naeun,1999-05-05,APRIL,South Korea,Daejeon,F,
Naeun,Son Naeun,1994-02-10,,South Korea,Seoul,F,marcella_the_naeun
Wonpil,Kim Wonpil,1994-04-28,DAY6,South Korea,,M,
Yongha,Yoo Yongha,1999-01-11,WEi,South Korea,,M,
Seungah,Oh Seungah,1988-09-13,Rainbow,South Korea,Seoul,F,
Minhee,Joo Minhee,1993-01-03,Stellar,South Korea,Seoul,F,
Minhee,Kang Minhee,2002-09-17,CRAVITY,South Korea,,M,
Ahyoon,Choi Subin,2004-10-23,BOTOPASS,South Korea,,F,
Xion,Son Dongju,2000-01-10,Oneus,South Korea,,M,
Seungeun,Shim Seungeun,2000-12-27,BVNDIT,South Korea,,F,
Shin,Kim Suhyun,2000-03-18,Ghost9,South Korea,,M,
Shin,Shin Wonho,1991-10-23,CROSS GENE,South Korea,Seoul,M,
Heechul,Jung Heechul,1989-12-09,ZE:A,South Korea,Jeju,M,
Heechul,Kim Heechul,1983-07-10,Super Junior,South Korea,Hoengseong,M,
Hyunsuk,Choi Hyunsuk,1999-04-21,Treasure,South Korea,Daegu,M,
Hyunsuk,Yoon Hyunsuk,2001-09-08,CIX,South Korea,,M,
Shana,Nonaka Shana,2003-03-13,Lapillus,Japan,Kochi,F,
Kyungri,Park Kyungri,1990-07-05,9Muses,South Korea,Busan,F,gyeongree
E.sol,Jeon Jaehyuk,1992-09-17,14U,South Korea,,M,
Mujin,Ko Sungho,2000-11-20,Kingdom,South Korea,,M,
Seolhyun,Kim Seolhyun,1995-01-03,AoA,South Korea,Bucheon,F,sh_9513
Rano,Byun Yongseop,1998-12-10,E'LAST,South Korea,,M,
Yunmin,Yun Min,2001-02-26,Newkidd,South Korea,,M,
Kevin,Baek Seungbin,2001-04-08,T1419,South Korea,,M,
Kevin,Christopher Woo,1991-11-25,U-KISS,USA,Los Angeles,M,
Kevin,Kevin Jiyeop Kim,1988-02-23,ZE:A,South Korea,Sydney,M,
Kevin,Moon Hyungseo,1998-02-23,The Boyz,Canada,,M,
Kevin,Park Jinwoo,2000-01-12,OMEGA X,South Korea,,M,
Xiweol,Kang Minseok,1996-10-21,VARSITY,South Korea,,M,
Jinny,Park Jinhee,1998-01-19,SECRET NUMBER,South Korea,California,F,
Narae,Park Narae,1988-02-23,SPICA,South Korea,Incheon,F,
Juju,Park Juyoung,1996-01-03,Gate9,South Korea,Changwon,F,baby.juju_0
Olivia Hye,Son Hyeju,2001-11-13,LOONA,South Korea,,F,
Junmin,Ryu Junmin,2003-04-05,ATBO,South Korea,,M,
Nako,Yabuki Nako,2001-06-18,IZ*ONE,Japan,Tokyo,F,
Sohye,Kim Sohye,1999-07-19,,South Korea,Seoul,F,
Nayoung,Im Nayoung,1995-12-18,Pristin,South Korea,Chungcheongham,F,
Nayoung,Kim Nayoung,2002-11-30,LIGHTSUM,South Korea,,F,
Youi,Kim Jihyeo,2000-04-24,Dreamnote,South Korea,,F,
Laun,Kim Minseok,1999-08-12,,South Korea,Seongsan,M,
Jun,Lee Junyoung,1997-01-22,U-KISS,South Korea,,M,
Jun,Park Junhee,1994-06-02,A.C.E,South Korea,Jeolla,M,
Jun,Weng Junhui,1996-06-10,Seventeen,China,Shenzen,M,
Onda,Jo Selim,2000-05-18,Everglow,South Korea,,F,
Jinsung,Jung Jinsung,2002-03-30,1the9,South Korea,Seoul,M,
Jerome,Oh Sungmin,2001-08-25,TOO,South Korea,,M,
Kangmin,Kim Kangmin,2001-11-13,TRCNG,South Korea,,M,
Kangmin,Noh Kangmin,1999-09-05,Romeo,South Korea,,M,
Kangmin,Yoo Kangmin,2003-01-25,Verivery,South Korea,,M,
Soso,Wang Chingyi,2001-03-14,GWSN,Taiwan,,F,
Sihyun,Park Sihyun,1986-11-29,SPICA,South Korea,,F,
Lisa,Pranpriya Manoban,1997-03-27,BLACKPINK,Thailand,Bangkok,F,
Youngbin,Jeong Youngbin,1998-10-05,Luminous,South Korea,Seongju,M,
Youngbin,Kim Youngbin,1993-11-23,SF9,South Korea,,M,
Youngbin,Lee Youngbin,2001-11-23,BLANK2Y,South Korea,,M,
Haewon,Oh Haewon,2003-02-25,NMIXX,South Korea,,F,
Jahan,Im Jihun,2002-08-01,Kingdom,South Korea,,M,
Dasom,Kim Dasom,1993-05-06,SISTAR,South Korea,,F,som0506
Dasom,Lee Dasom,1993-11-13,2EYES,South Korea,Cheongju,F,
Ravi,Kim Wonsik,1993-02-15,VIXX,South Korea,Seoul,M,
Eunice,Heo Sooyeon,1991-09-02,DIA,South Korea,Busan,F,
Woochul,Shin Woochul,2002-10-02,Newkidd,South Korea,,M,
Kyungho,Jang Kyungho,2001-05-07,TOO,South Korea,,M,
Jun Jin,Park Choongjae,1980-08-19,Shinhwa,South Korea,Seoul,M,
JinSoul,Jung Jinsol,1997-06-13,LOONA,South Korea,,F,
B-Bomb,Lee Minhyuk,1990-12-14,Block B,South Korea,Seoul,M,
Joonie,Park Junhee,2002-05-24,ICHILLIN',South Korea,,F,
Kain,Bang Junho,1997-03-25,ARGON,South Korea,,M,
Y,Choi Sungyoon,1995-07-31,Golden Child,South Korea,,M,
Yunjin,Huh Yunjin,2001-10-08,LE SSERAFIM,South Korea,,F,
JR,Kim Jonghyun,1995-06-08,NU'EST,South Korea,Gangwon,M,
Ella,Kim Kyungjoo,1998-03-26,Pixy,South Korea,,F,
Sungmin,Lee Sungmin,1986-01-01,Super Junior,South Korea,Gyeonggi,M,
Sungmin,Oh Sungmin,1990-12-31,Bigflo,South Korea,,M,
Manny,Syo Dongchun,2001-11-17,VARSITY,China,,M,
Soodam,Lee Soodam,1999-11-09,SECRET NUMBER,South Korea,,F,
Jeongkyun,Jeong Jeongkyun,1987-11-27,,South Korea,,M,
E.Ji,Choi Jiwon,2000-11-08,ICHILLIN',South Korea,,F,
Rachel,Sung Nayeon,2000-08-28,APRIL,South Korea,,F,
L,Kim Myungsoo,1992-03-13,Infinite,South Korea,Seoul,M,
Soobin,Choi Soobin,2000-12-05,TXT,South Korea,,M,
Soobin,Park Soobin,1996-09-14,Cosmic Girls,South Korea,Seoul,F,
Seulgi,Jeong Seulgi,1990-05-12,S#aFLA,South Korea,,F,
Seulgi,Kang Seulgi,1994-02-10,Red Velvet,South Korea,Seoul,F,
Taeil,Lee Taeil,1990-09-24,Block B,South Korea,Seoul,M,
Taeil,Moon Taeil,1994-06-14,NCT,South Korea,Seoul,M,
Ari,Hwang Nayoon,1999-03-30,RedSquare,South Korea,Seoul,F,
Ari,Kim Sunyoung,1994-10-23,Tahiti,South Korea,Daegu,F,
Nayun,Kim Nayun,1998-07-31,MOMOLAND,South Korea,Seoul,F,
Bora,Kim Bora,1999-03-03,Cherry Bullet,South Korea,,F,
Bora,Yoon Bora,1989-12-30,SISTAR,South Korea,,F,borabora_sugar
Serim,Park Serim,1999-03-03,CRAVITY,South Korea,,M,
Theo,Choi Taeyang,2001-07-01,P1Harmony,South Korea,,M,
Sungyeon,Bae Sungyeon,1999-05-25,Pristin,USA,California,F,
Yubeen,Jin Yubeen,2006-09-05,TRACER,South Korea,,F,
Eric,Moon Junghyuk,1979-02-16,Shinhwa,South Korea,Seoul,M,
Eric,Son Youngjae,2000-12-22,The Boyz,South Korea,,M,
Daehyun,Jung Daehyun,1993-06-28,B.A.P,South Korea,Busan,M,
Jaemin,Na Jaemin,2000-08-13,NCT,South Korea,,M,
Takuya,Terada Takuya,1992-03-18,CROSS GENE,Japan,Moriya,M,
Lia,Choi Jisu,2000-07-21,ITZY,South Korea,Incheon,F,
Yewon,Park Yewon,2004-01-11,HOT ISSUE,South Korea,,F,
Hongjoong,Kim Hongjoong,1998-11-07,ATEEZ,South Korea,,M,
Gracie,Kim Gaeun,1996-10-28,H.U.B,South Korea,,F,i.m_gracie
Heeyu,Choi Heejae,1995-06-30,MIXX,South Korea,,F,
Solar,Kim Yongsun,1991-02-21,Mamamoo,South Korea,Seoul,F,
Monika,Kang Yeh,1991-05-21,BADKIZ,South Korea,Seoul,F,maygirl_nika
Sian,Choi Changmin,2001-02-01,T1419,South Korea,,M,
Jihun,Kim Jihun,2000-01-09,TRCNG,South Korea,,M,
JJ,Jun Jihyeok,1998-12-11,DUSTIN,South Korea,,M,
Juntae,Kim Juntae,1995-09-04,MY.st,South Korea,,M,
Renjun,Hwang Renjun,2000-03-23,NCT,China,Jilin,M,
Dana,Jang Dana,2003-12-25,HOT ISSUE,South Korea,,F,
Yeojin,Im Yeojin,2002-11-11,LOONA,South Korea,Guro,F,
Boeun,Park Boeun,2008-02-11,CLASS:y,South Korea,,F,
E'Dawn,Kim Hyojong,1994-06-01,,South Korea,,M,
Chris,Han Chris,2002-11-19,BLITZERS,South Korea,,M,
Kai,Kim Jongin,1994-01-14,EXO,South Korea,Suncheon,M,
Nara,Kwon Nara,1991-03-13,Hello Venus,South Korea,Seongnam,F,hv_nara
Dongkyu,Moon Dongkyu,1992-11-16,Spectrum,South Korea,,M,
Changuk,Joo Changuk,2001-07-25,DRIPPIN,South Korea,,M,
Seonghwa,Park Seonghwa,1998-04-03,ATEEZ,South Korea,Jinju,M,
Garam,Kim Garam,2005-11-16,,South Korea,,F,
Inpyo,Lee Inpyo,1995-08-14,IN2IT,South Korea,,M,
Wooju,Cho Wooju,2004-01-21,BLITZERS,South Korea,,M,
Sungchan,Jung Sungchan,2001-09-13,NCT,South Korea,,M,
Jaechan,Park Jaechan,2001-12-06,Dongkiz,South Korea,,M,
Riina,Lee Seunghyeon,2001-02-21,H1-KEY,South Korea,,F,
Hyeyeon,Cho Hyeyeon,2000-08-05,,South Korea,,F,
Hyeyeon,Kang Hyeyeon,1990-12-08,BESTie,South Korea,,F,hyeyeon_2
Inseong,Jeong Inseong,1994-07-01,KNK,South Korea,,M,
Inseong,Kim Inseong,1993-07-12,SF9,South Korea,,M,
Muzin,Kim Hyunwoo,2001-03-29,BAE173,South Korea,,M,
Yechan,Kim Yechan,1995-11-26,Pink Fantasy,South Korea,,F,
Yechan,Shin Yechan,2001-05-14,OMEGA X,South Korea,Seoul,M,
Shiho,Kwon Subin,2001-08-22,BOTOPASS,South Korea,,F,
Hwiseo,Jo Hwihyeon,2002-07-31,H1-KEY,South Korea,,F,
Jihoo,Lim Soojung,1998-08-05,IZ,South Korea,,M,
Nayu,Kim Yewon,2002-07-23,ILY:1,South Korea,,F,
JIN,Park Myungeun,1996-06-12,Lovelyz,South Korea,Busan,F,
Dohwan,Gil Dohwan,2003-08-26,Ciipher,South Korea,,M,
Eunchan,Choi Byeongseop,2001-02-27,TEMPEST,South Korea,,M,
Huijun,Noh Huijun,2003-10-07,MCND,South Korea,,M,
Yeonjun,Choi Yeonjun,1999-09-13,TXT,South Korea,,M,
Seoyoung,Lee Seoyoung,1994-06-27,Hello Venus,South Korea,,F,hv_seo0
Kyungyoon,Lee Kyungyoon,2000-02-21,Dongkiz,South Korea,,M,
Ken,Lee Jaehwan,1992-04-06,VIXX,South Korea,Seoul,M,
Hyungseop,Ahn Hyungseop,1999-08-09,TEMPEST,South Korea,,M,
BEL,Choi Sunghoon,2000-05-21,DUSTIN,South Korea,,M,
Hyogyeong,Jang Hyogyeong,1999-11-15,ARIAZ,South Korea,,F,
Woncheol,Jung Woncheol,1996-01-12,MY.st,South Korea,,M,
Won Bin,Won Bin,2004-07-01,ATBO,South Korea,Goyang,M,
Steve,Lim Dohyun,2002-03-09,YOUNITE,South Korea,Los Angeles,M,
Sunghyun,Kim Sunghyun,1996-03-16,IN2IT,South Korea,,M,
Yooyoung,Lee Yooyoung,1995-01-23,Hello Venus,South Korea,Suwon,F,hv_u0
Seungyeop,Choi Seungyeop,1997-05-08,E'LAST,South Korea,,M,
Lay,Zhang Yixing,1991-10-07,EXO,China,Changsa,M,
J.seph,Kim Taehyung,1992-06-21,KARD,South Korea,,M,
Hyunkyung,Kim Hyunjong,1998-09-05,Romeo,South Korea,,M,
2Soul,Kim Younghoon,1997-09-10,7 O'clock,South Korea,,M,
Jeonggyu,Lim Jeonggyu,1997-11-05,7 O'clock,South Korea,,M,
Han Leeseul,Han Jiyoon,2000-02-12,Rockit Girl,South Korea,,F,
Hyunjoo,Lee Hyunjoo,1998-02-05,UNI.T,South Korea,Seoul,F,
Jae,Park Jaehyung,1992-09-15,DAY6,South Korea,Buenos Aires,M,
Hansol,Kim Hansol,1993-06-15,,South Korea,Busan,M,
Miku,Katae Miku,2002-10-09,Pink Fantasy,Japan,,F,
Lu,Im Hayoung,1997-12-03,NATURE,South Korea,,F,
Lee Suhyun,Lee Suhyun,1996-11-05,I.B.I,South Korea,Ansan,F,
Gaeul,Kim Gaeul,2002-09-24,IVE,South Korea,Incheon,F,
Gaeul,Park Gaeul,1999-05-08,Favorite,South Korea,Seoul,F,
Lou,Kim Hosung,1996-12-21,VAV,South Korea,,M,
Eunchae,Hong Eunchae,2006-11-10,LE SSERAFIM,South Korea,,F,
Eunchae,Kwon Chaewon,1999-05-26,DIA,South Korea,,F,
Eunchae,Son Eunchae,1999-10-06,bugAboo,South Korea,Pohang,F,
Taeha,Kim Taeha,1998-06-03,,South Korea,Jeonju,F,
Taeha,Yoo Taeha,1995-10-05,,South Korea,,F,
Jisu,Choi Jisu,2000-01-19,TOO,South Korea,,M,
Choi In,Choi In,1996-02-11,E'LAST,South Korea,,M,
Baekah,Kim Sua,1999-10-24,XUM,South Korea,,F,sunghyuk_seo
Honggi,Lee Honggi,1990-03-02,FTISLAND,South Korea,Gwangju,M,
Nahyun,Kang Nahyun,2002-01-25,HOT ISSUE,South Korea,,F,
Nahyun,Kim Nahyun,1995-12-09,Sonamoo,South Korea,Seoul,F,
Youngji,Hur Youngji,1994-08-30,,South Korea,Goyang,F,
Kim Sanggyun,Kim Sanggyun,1995-05-23,JBJ95,South Korea,Gwangju,M,
Giseok,Jun Giseok,1997-05-02,IM,South Korea,,M,
Hongil,Yoon Hongil,1999-01-11,Astin,South Korea,,M,
Kyulkyung,Zhou Jieqiong,1998-12-16,Pristin,China,Taizhou,F,
Park Kyung,Park Kyung,1992-07-08,Block B,South Korea,Seoul,M,
Leia,Larissa Kartes,2001-05-14,Blackswan,Brazil,Curitiba,F,
Yoseob,Yang Yoseob,1990-01-05,Highlight,South Korea,Seoul,M,
Arie,Jeon Minjae,2000-04-07,MIXX,South Korea,,F,
Chaejin,Chae Jinseok,1995-12-26,MYNAME,South Korea,Seoul,M,
Luna,Park Sunyoung,1993-08-12,f(x),South Korea,Seoul,F,hermosavidaluna
BX,Lee Byounggon,1998-03-05,CIX,South Korea,Incheon,M,
Dongheon,Lee Dongheon,1995-08-04,Verivery,South Korea,,M,
Ryujin,Shin Ryujin,2001-04-17,ITZY,South Korea,Seoul,F,
Taeseon,Yang Taeseon,2000-09-17,TRCNG,South Korea,,M,
Siyoon,Kim Siyoon,2005-02-16,Billlie,South Korea,,F,
Xuanyi,Wu Xuanyi,1995-01-26,Cosmic Girls,China,Hainan,F,
Chaeyeon,Jung Chaeyeon,1997-12-01,DIA,South Korea,Suncheon,F,
Chaeyeon,Kim Chaeyeon,2004-12-04,tripleS,South Korea,,F,
Chaeyeon,Lee Chaeyeon,2000-01-11,IZ*ONE,South Korea,Yongin,F,
Hongseob,Shim Hongseob,1998-01-08,24K,South Korea,,M,
Kyungmun,Lim Kyungmun,2003-06-29,YOUNITE,South Korea,,M,
Ryeowook,Kim Ryeowook,1987-06-21,Super Junior,South Korea,Incheon,M,
Daisy,Yoo Jeongahn,1999-01-22,,South Korea,Seoul,F,
Hojung,Go Hojung,1994-10-20,HOTSHOT,South Korea,,M,
Hyunjae,Lee Jaehyun,1997-09-13,The Boyz,South Korea,,M,
Hyunseo,Go Hyunseo,1999-06-17,,South Korea,,F,
Gohn,Kim Dongsung,1992-08-01,,South Korea,Seoul,M,
Eunjin,Ahn Eunjin,1997-08-31,,South Korea,Mokpo,F,
Eunjin,Ma Eunjin,1997-05-23,Playback,South Korea,Wonju,F,sunghyuk_seo
Eunjin,Moon Eunjin,1998-11-05,Highteen,South Korea,,F,
I.M,Lim Changkyun,1996-01-26,MONSTA X,South Korea,Gwangju,M,
May,Hirokawa Mao,2004-11-16,Cherry Bullet,Japan,,F,
May,Jeong Chaeyoung,2001-07-27,,South Korea,,F,
Hwanhee,Lee Hwanhee,1998-05-06,UP10TION,South Korea,Daejeon,M,
Elva,Lee Yonghwa,2003-05-05,ILY:1,South Korea,,F,
Kisu,Choi Kisu,1990-10-02,24K,South Korea,Seoul,M,
Jinu,Kim Jinwoo,1991-09-26,WINNER,South Korea,Imja,M,
Ju-ne,Koo Junhoe,1997-03-31,iKON,South Korea,Seoul,M,
Win,Bang Junhyuk,2004-12-19,MCND,South Korea,,M,
Rio,Son Gwanghyuk,1999-07-16,14U,South Korea,,M,
I,Cha Yoonji,1996-12-02,,South Korea,Busan,F,
Eden,Jae Won,1998-03-27,NINE.i,South Korea,,M,
Kriesha Chu,Kriesha Ziskind Teo Tiu,1998-12-20,,Philippines,Cebu,F,
Mia,Han Eunji,2000-01-13,Everglow,South Korea,,F,
Mia,Son Hyunmi,1997-12-31,MIXX,South Korea,,F,
ZN,Bae Jinye,1994-06-09,LABOUM,South Korea,Bucheon,F,
Siwoo,Park Siwoo,2001-02-05,BLANK2Y,South Korea,,M,
Siwoo,Yoo Siwoo,2001-05-11,TRCNG,South Korea,,M,
Yehyeon,Kim Yehyeon,1999-09-12,GIDONGDAE,South Korea,,M,
Yano,Seo Sangwon,1995-09-27,Topp Dogg,South Korea,Seoul,M,
Max Changmin,Shim Changmin,1988-02-18,TVXQ,South Korea,Seoul,M,
Suzy,Bae Suji,1994-10-10,miss A,South Korea,Gwangju,F,skuukzky
Suzy,Kim Suji,2001-06-03,MAJORS,South Korea,,F,
Hyeongjun,Song Hyeongjun,2002-11-30,CRAVITY,South Korea,,M,
Harry-June,Han Harry-June,2004-01-01,DKB,South Korea,,M,
Donggeon,Song Donggeon,1999-07-15,TOO,South Korea,,M,
Hayoung,Choi Hayoung,2000-08-22,TRCNG,South Korea,,M,
Hayoung,Lee Hayoung,1993-08-03,Playback,South Korea,,F,
Hayoung,Oh Hayoung,1996-07-19,Apink,South Korea,Seoul,F,o_h_y_y
Hayoung,Song Hayoung,1997-09-29,fromis_9,South Korea,Gwangju,F,
Jiyou,Im Changsook,1989-06-15,Two X,South Korea,,F,
Jonghwan,Jo Jonghwan,1992-11-23,100%,South Korea,Seoul,M,
Fei,Wang FeiFei,1987-04-27,miss A,China,Haikou,F,ff0427
Junyoung,Lee Junyoung,2000-09-23,IZ,South Korea,,M,
Eunhyuk,Lee Hyukjae,1986-04-04,Super Junior,South Korea,Ilsan,M,
Bessie,Kim Susanna,2004-07-15,Lapillus,South Korea,Changwon,F,
Ron,Cheon Byeonghwa,1991-01-22,Bigflo,South Korea,,M,
Gabin,Kim Gabin,1989-09-18,Blady,South Korea,Busan,F,_kimgabin
Jaeseok,Park Jaeseok,1995-11-20,,South Korea,,M,
Sehun,Oh Sehun,1994-04-12,EXO,South Korea,Seoul,M,
Seoho,Lee Seoho,1996-06-07,Oneus,South Korea,,M,
Jaehwan,Kim Jaehwan,1996-05-27,Wanna One,South Korea,Seoul,M,
Sunyoul,Seon Yein,1996-11-06,UP10TION,South Korea,Wando,M,
Sally,Liu Xiening,1996-10-23,Gugudan,China,Guangdong,F,
JK,Kim Jikang,1998-03-17,Girlkind,South Korea,,F,
Wow,Kim Seyoon,1993-02-28,A.C.E,South Korea,Gyeonggi,M,
Joochan,Hong Joochan,1999-07-31,Golden Child,South Korea,,M,
Dain,Jung Dain,2004-12-15,HOT ISSUE,South Korea,,F,
Dain,Song Jieun,1990-06-25,,South Korea,,F,
Ravn,Kim Yoongjo,1995-09-02,Oneus,South Korea,,M,
Yongseung,Kim Yongseung,2000-06-17,Verivery,South Korea,,M,
Hanse,Do Hanse,1997-09-25,VICTON,South Korea,,M,
Woosu,Kim Minseok,1999-11-23,IZ,South Korea,,M,
Hwarang,Park Jonghan,1995-12-05,Spectrum,South Korea,,M,
Hwarang,Son Jaewon,2001-04-23,TEMPEST,South Korea,,M,
Seyoung,Lee Seyoung,1990-02-08,CROSS GENE,South Korea,Busan,M,
Hoon,Yeo Hoonmin,1991-08-16,U-KISS,South Korea,Namyangju,M,
Jihyo,Lee Jihyo,2001-04-22,PRECIOUS,South Korea,Gyeonggi,F,
Jihyo,Park Jisoo,1997-02-01,Twice,South Korea,Guri,F,
Sea,Kim Sujeong,1999-12-05,Highteen,South Korea,,F,
Geummi,Baek Boram,1988-06-18,Crayon Pop,South Korea,Seoul,F,g.mi
Lucy,Kim Daeun,2004-04-09,woo!ah!,South Korea,,F,
Lucy,Noh Hyojung,2002-08-31,Weki Meki,South Korea,Goyang,F,
Arin,Choi Yewon,1999-06-18,Oh My Girl,South Korea,Busan,F,
Hyerim,Woo Hyerim,1992-09-01,Wonder Girls,South Korea,Seoul,F,wg_lim
Eunyoung,Joo Eunyoung,1992-06-12,Two X,South Korea,,F,
Yoojin,Jang Yoojin,1992-09-14,,South Korea,,F,yoojinbabe
Luda,Lee Luda,1997-03-06,Cosmic Girls,South Korea,Seoul,F,
Kyeongheon,Yoon Kyeongheon,1998-01-06,We In The Zone,South Korea,Suncheon,M,
E-Chan,Lee Changmin,1997-02-19,DKB,South Korea,,M,
Seogoong,Park Hyunho,1992-05-01,,South Korea,Seongnam,M,
Hwasa,Ahn Hyejin,1995-07-23,Mamamoo,South Korea,Jeonju,F,
Khael,Lee Sangmin,2002-01-18,Mirae,South Korea,,M,
A.M,Seong Hyunwoo,1996-12-31,Limitless,South Korea,,M,
Meiqi,Meng Meiqi,1998-10-15,Cosmic Girls,China,Luoyang,F,
Vivi,Wong Viian,1996-12-09,LOONA,Hong Kong,Hong Kong,F,
Yoochun,Park Yoochun,1986-07-04,JYJ,South Korea,Seoul,M,
Bic,Nam Seungmin,2001-04-25,MCND,South Korea,,M,
Hwall,Heo Hyunjoon,2000-03-09,,South Korea,Busan,M,
Yeri,Kim Yerim,1999-03-05,Red Velvet,South Korea,Seoul,F,
Hyosung,Jun Hyoseong,1989-10-13,SECRET,South Korea,Cheongju,F,secrettimehs
Daniel,Kang Daniel,1996-12-10,Wanna One,South Korea,Busan,M,
XEN,Lee Jinwoo,1998-02-20,OMEGA X,South Korea,,M,
Hyunbin,Kim Hyunbin,2004-05-26,TRI.BE,South Korea,,F,
Hyunbin,Kwon Hyunbin,1997-03-04,JBJ,South Korea,Seoul,M,
Hyunbin,Moon Hyunbin,2000-02-26,Ciipher,South Korea,,M,
Roa,Kim Minkyung,1997-07-29,Hinapia,South Korea,,F,
Jacob,Bae Joonyoung,1997-05-30,The Boyz,South Korea,Toronto,M,
Jacob,Zhang Peng,1996-09-07,VAV,China,,M,
Sugyeong,Jo Sugyeong,2000-01-12,Favorite,South Korea,Haenam,F,
Sungyeol,Lee Sungyeol,1991-08-27,Infinite,South Korea,Yongin,M,
J-Hope,Jung Hoseok,1994-02-18,BTS,South Korea,Gwangju,M,
Marco,Lee Hyunggeun,1994-05-11,Hot Blood Youth,South Korea,,M,
Taehyun,Kang Taehyun,2002-02-05,TXT,South Korea,,M,
Taehyun,Nam Taehyun,1994-05-10,,South Korea,Hanam,M,
Taehyun,Noh Taehyun,1993-10-15,HOTSHOT,South Korea,Seoul,M,
Beomgyu,Choi Beomgyu,2001-03-13,TXT,South Korea,,M,
Yoonbin,Ha Yoonbin,2000-12-11,,South Korea,,M,
Hana,Hayase Hana,2000-02-27,ILY:1,Japan,,F,
Hana,Jung Hana,1990-02-02,SECRET,South Korea,Uljeongbu,F,
Hana,Shin Bora,1993-04-30,Gugudan,South Korea,,F,
Xero,Shin Jiho,1994-02-03,Topp Dogg,South Korea,Gwangji,M,
Boni,Choi Euijeong,1999-10-30,Dreamnote,South Korea,,F,
Jian,Kim Jian,2006-11-04,,South Korea,,F,
Jian,Kwon Jieun,2001-03-14,LUNARSOLAR,South Korea,,F,
Haeun,Lim Haeun,2008-11-02,Lapillus,South Korea,,F,
Haeun,Yoon Haeun,1999-03-12,3YE,South Korea,,F,
Onejunn,Jo Wonjun,1988-11-22,Boys Republic,South Korea,Changwon,M,
Soyul,Park Hyekyeong,1991-05-15,Crayon Pop,South Korea,Seoul,F,
Woonggi,Cha Woonggi,2002-04-23,TOO,South Korea,,M,
Young K,Kang Young-hyun,1993-12-19,DAY6,South Korea,,M,
Goeun,Na Goeun,1999-09-03,Purple Kiss,South Korea,,F,
Wonyoung,Jang Wonyoung,2004-08-31,IVE,South Korea,Seoul,F,
Kyuhyun,Cho Kyuhyun,1988-02-03,Super Junior,South Korea,Seoul,M,
Mingyu,Kim Mingyu,1997-04-06,Seventeen,South Korea,Anyang,M,
Viki,Kang Eunhye,1988-03-28,,South Korea,Seoul,F,
Shindong,Shin Donghee,1985-09-28,Super Junior,South Korea,Mungyeong,M,
Sunhwa,Han Sunhwa,1990-10-06,,South Korea,Busan,F,shh_daily
Jaejin,Lee Jaejin,1991-12-17,FTISLAND,South Korea,Cheongju,M,
Yua,Mikami Yua,1993-08-16,Honey Popcorn,Japan,,F,
Taeyong,Lee Taeyong,1995-07-01,NCT,South Korea,,M,
Gijung,Kim Gijung,2001-01-24,IM,South Korea,,M,
Sunny,Lee Sunkyu,1989-05-15,SNSD,South Korea,California,F,svnnynight
Dongwoo,Jang Dongwoo,1990-11-22,Infinite,South Korea,Guri,M,
Haeryeong,Na Haeryeong,1994-11-11,BESTie,South Korea,,F,bestie_hr
Hanna,Shin Jiyeon,1994-02-19,MIXX,South Korea,,F,
Junghwa,Park Junghwa,1995-05-08,EXID,South Korea,Anyang,F,jeonghwa_0508
PSY,Park Jaesang,1977-12-31,,South Korea,Seoul,M,
Zero,Nasukawa Shota,2003-01-20,T1419,Japan,,M,
Taro,Choi Wonjin,1994-11-09,Hot Blood Youth,South Korea,,M,
Minjae,Jo Minjae,1994-08-08,Spectrum,South Korea,,M,
Minjae,Seong Minjae,1994-12-18,Sonamoo,South Korea,Busan,F,
Minjae,Shin Minjae,1991-08-13,Tahiti,South Korea,Busan,F,
Minjae,Song Minjae,2003-08-23,MCND,South Korea,,M,
Rena,Kang Yebin,1998-10-19,Hinapia,South Korea,,F,
Dojin,Jeon Yongtae,1997-03-07,ENOi,South Korea,,M,
Kihyun,Yoo Kihyun,1993-11-22,MONSTA X,South Korea,Goyang,M,
Taesung,Lee Taesung,2003-12-19,,South Korea,,M,
Hweseung,Yoo Hweseung,1995-02-28,N.Flying,South Korea,,M,
Yeonhee,Kim Yeonhee,2000-12-06,Rocket Punch,South Korea,,F,
Minyoung,Kim Minyeong,1990-09-12,Brave Girls,South Korea,Seongnam,F,
Hui,Lee Hwitaek,1993-08-28,PENTAGON,South Korea,,M,
Hui,Liang Hui,1995-07-18,24K,China,,M,
Lee Hoo,Moon Junyoung,1989-02-09,ZE:A,South Korea,Seoul,M,
Denise,Kim Denise,2001-01-11,SECRET NUMBER,South Korea,,F,
Heeseok,Yun Heeseok,1997-06-10,Limitless,South Korea,,M,
Yoonjo,Shin Yoonjo,1992-12-14,UNI.T,South Korea,Seoul,F,
Yujin,Ahn Yujin,2003-09-01,IVE,South Korea,Cheongju,F,
Yujin,Choi Yujin,1996-08-12,Kep1er,South Korea,Jeonju,F,
Yujin,Jeong Yujin,1989-10-23,S#aFLA,South Korea,,F,
Yujin,Seo Yoojin,1994-06-18,Playback,South Korea,,F,
Seoyoon,Kim Suyoung,1995-01-26,BOTOPASS,South Korea,,F,
Jimin,Park Jimin,1995-10-13,BTS,South Korea,Busan,M,
Jimin,Shin Jimin,1991-01-08,,South Korea,Seoul,F,jiminbaby_18
Jimin,Won Jimin,2007-11-25,CLASS:y,South Korea,,F,
Soyee,Jang Sojin,1996-11-21,Gugudan,South Korea,,F,
Sungkyu,Kim Sungkyu,1989-04-28,Infinite,South Korea,Jeonju,M,
Hyungseok,Song Hyungseok,2002-11-06,YOUNITE,South Korea,,M,
Jenissi,Kim Taeyang,1991-08-02,,South Korea,Seoul,M,
New,Choi Chanhee,1998-04-26,The Boyz,South Korea,Jeonju,M,
Gyuri,Jang Gyuri,1997-12-27,,South Korea,Seoul,F,
Gyuri,Park Gyuri,1988-05-21,KARA,South Korea,Seoul,F,
Seungmin,Bae Seungmin,1998-10-13,Golden Child,South Korea,,M,
Seungmin,Kim Seungmin,2000-09-22,Stray Kids,South Korea,Seoul,M,
Seungmin,Lee Seungmin,1996-02-03,Hashtag,South Korea,,F,
Leeseo,Lee Hyunseo,2007-02-21,IVE,South Korea,,F,
Mashiho,Takata Mashiho,2001-03-25,Treasure,Japan,,M,
Soul,Haku Shota,2005-02-01,P1Harmony,Japan,,M,
Daehyeon,Jang Daehyeon,1997-02-11,WEi,South Korea,,M,daehyeon0211
Bitsaeon,Kim Sangyeon,1995-06-04,MONT,South Korea,,M,
Choi Jiann,Choi Jaewoo,1997-09-30,Newkidd,South Korea,,M,
Dohyon,Nam Dohyon,2004-11-10,BAE173,South Korea,,M,
Lee Hyeop,Lee Hyeop,1999-08-13,DRIPPIN,South Korea,,M,
Dany,Jeon Eunji,1998-01-20,Ho1iday,South Korea,,F,
Doojoon,Yoon Doojoon,1989-07-04,Highlight,South Korea,Goyang,M,
Jiyul,Yang Jungyoon,1991-07-30,,South Korea,Seoul,F,
Ireh,Cho Seoyoung,2002-04-30,Purple Kiss,South Korea,,F,
Ahra,Go Ahra,2001-02-21,Favorite,South Korea,Yeosu,F,
Chihoon,Choi Chihoon,1999-04-27,TOO,South Korea,,M,
Soyeon,Jeon Soyeon,1998-08-26,(G)I-DLE,South Korea,,F,
Soyeon,Jung Soyeon,1994-05-04,LABOUM,South Korea,Gwangju,F,
Soyeon,Park Soyeon,1987-10-05,,South Korea,Andong,F,melodysoyani
E:U,Park Jiwon,1998-05-19,Everglow,South Korea,,F,
Yonghee,Kim Yonghee,2000-02-17,CIX,South Korea,,M,
Gain,Son Gain,1987-09-20,Brown Eyed Girls,South Korea,,F,songain87
Seungwoo,Han Seungwoo,1994-12-24,VICTON,South Korea,,M,
Jonghyun,Lee Jonghyun,1990-05-15,CNBLUE,South Korea,Busan,M,
Heejin,Jeon Heejin,2000-10-19,LOONA,South Korea,Seongnam,F,
Heejin,Song Heejin,1995-08-19,Good Day,South Korea,Seoul,F,
Jinhoo,Kim Jinwook,1995-08-02,UP10TION,South Korea,Changwon,M,
Royeon,Jeon Hyunjoo,1998-02-20,ANS,South Korea,,F,
HyunA,Kim Hyuna,1992-06-06,4minute,South Korea,Jeolla,F,hyunah_aa
Keita,Terazono Keita,2001-07-04,Ciipher,Japan,,M,
Mina,Kang Mina,1999-12-04,Gugudan,South Korea,Icheon,F,
Mina,Kwon Mina,1993-09-21,,South Korea,Busan,F,kvwowv
Mina,Myoui Mina,1997-03-24,Twice,Japan,San Antonio,F,
Changgyu,Song Changgyu,1993-07-06,UNVS,South Korea,,M,
Yeonha,Ahn Yeonji,2000-05-19,P.O.P,South Korea,Yeondong,F,
Habin,Yoo Habin,2002-03-10,,South Korea,,F,
NC.A,Im Soeun,1996-10-07,UNI.T,South Korea,Osan,F,
Moonhee,Choi Moonhee,1997-04-15,Bonus Baby,South Korea,,F,
Changsub,Lee Changsub,1991-02-26,BtoB,South Korea,Suwon,M,
Hyangsuk,Lee Hyangsuk,1991-04-24,2EYES,South Korea,Seoul,F,baby_sook
Joy,Park Sooyoung,1996-09-03,Red Velvet,South Korea,Jeju,F,
Zoa,Cho Hyewon,2005-05-31,Weeekly,South Korea,,F,
Dia,Choi Eunji,2001-07-16,Pixy,South Korea,,F,
Dia,Kwak Minnyeong,1999-09-03,Maka Maka,South Korea,,F,
Saerom,Lee Saerom,1997-01-07,fromis_9,South Korea,Gangwon,F,
Eunki,Hong Eunki,1997-09-29,,South Korea,,M,eun_doitz
Hanwoom,Byun Hanwoom,2001-06-05,PRECIOUS,South Korea,Seoul,F,
Monday,Kim Jimin,2002-05-10,Weeekly,South Korea,,F,
Won Hyuk,Won Hyuk,2002-02-22,E'LAST,South Korea,,M,
Seline,Jung Yeonjeong,2000-06-20,Cignature,South Korea,,F,
JunQ,Kang Junkyu,1993-08-09,MYNAME,South Korea,Uljeongbu,M,
Heejun,Oh Heejun,1996-05-08,KNK,South Korea,,M,
Suwoong,Lee Suwoong,1995-01-20,Boys Republic,South Korea,,M,
Yoon,Heo Yoon,1994-09-23,4TEN,South Korea,,F,
Yoon,Ji Hayoon,1997-07-08,Gate9,South Korea,Busan,F,queenyunista
Yoon,Kang Seungyoon,1994-01-21,WINNER,South Korea,Busan,M,
Yoon,Shim Jayoon,2004-04-14,STAYC,South Korea,Gwangju,F,
Baron,Choi Chunghyeop,1992-04-19,VAV,South Korea,,M,
Chunji,Lee Chanhee,1993-10-05,Teen Top,South Korea,Seongnam,M,
Jake,Shim Jaeyoon,2002-11-15,ENHYPEN,South Korea,,M,
Yeonje,Yang Yeonje,1999-10-15,ALICE,South Korea,,F,
Nayeon,Im Nayeon,1995-09-22,Twice,South Korea,Seoul,F,
Jisun,Hwang Jisun,1989-10-17,S#aFLA,South Korea,,F,
Jisun,Roh Jisun,1998-11-23,fromis_9,South Korea,Seoul,F,
Youngheun,Go Youngheun,1994-11-20,Blackswan,South Korea,,F,
Cha Hoon,Cha Hoon,1994-07-12,N.Flying,South Korea,Seoul,M,
Dakyung,Jung Dakyung,2001-07-23,Hi-L,South Korea,,F,
Haruto,Watanabe Haruto,2004-04-05,Treasure,Japan,,M,
Nine,Jung Wookjin,1999-12-13,OnlyOneOf,South Korea,,M,
Kyungjun,Woo Kyungjun,2002-08-30,TNX,South Korea,,M,
Lin Lin,Huang Ziting,2003-07-05,,Taiwan,,F,
Yue,Nancy Yang,2004-07-03,Lapillus,USA,,F,
Taera,Lee Yujin,1994-04-12,Gate9,South Korea,Incheon,F,taera9nine
Hyejoo,Park Hyunjoo,1999-01-12,Highteen,South Korea,,F,
GK,Kim Kwanghyun,1998-09-29,DKB,South Korea,,M,
Longguo,Jin Longguo,1996-03-02,JBJ,China,Heilong,M,
Woo-ah,Kim Chaewon,1997-06-20,CRAXY,South Korea,,F,
Kim Yoon,Kim Seongsu,1994-02-17,DUSTIN,South Korea,,M,
Jisan,Choi Jinsang,1999-11-03,Hot Blood Youth,South Korea,,M,
Yeah,Kim Haeun,1999-10-09,,South Korea,Gongju,F,
Seungsik,Kang Seungsik,1995-04-16,VICTON,South Korea,,M,
Hani,Ahn Hee-yeon,1992-05-01,EXID,South Korea,Seoul,F,ahnhani_92
Youngmin,Jo Youngmin,1995-04-24,Boyfriend,South Korea,Anyang,M,
Youngmin,Lim Youngmin,1995-12-25,,South Korea,Busan,M,
Kyle,Ma Jaekyung,1997-01-15,Romeo,South Korea,,M,
Mashiro,Sakamoto Mashiro,1999-12-16,Kep1er,Japan,,F,
Minpyo,Gook Minpyo,1994-11-15,B.I.G,South Korea,Gwangju,M,
Mark,Mark Lee,1999-08-02,NCT,Canada,Vancouver,M,
Mark,Mark Yien Tuan,1993-09-04,GOT7,USA,Los Angeles,M,
Anthony,Anthony Lo,1998-03-12,VARSITY,China,,M,
Wendy,Son Seunghwan,1994-02-21,Red Velvet,South Korea,Seoul,F,
Minha,Park Minha,1991-06-27,,South Korea,Seoul,F,blossomh_
Sejeong,Kim Sejeong,1996-08-28,Gugudan,South Korea,,F,
IU,Lee Jieun,1993-05-16,,South Korea,Seoul,F,dlwlrma
Youngho,Noh Youngho,1993-03-24,SIGNAL,South Korea,,M,
Hanbyeol,Ahn Hanbyeol,2003-10-13,,South Korea,,F,
Jinyoung,Bae Jinyoung,2000-05-10,CIX,South Korea,Seoul,M,
Jinyoung,Jung Jinyoung,1991-11-18,,South Korea,Chungju,M,
Jinyoung,Park Jinyoung,1994-09-22,GOT7,South Korea,Changwon,M,
Jinyoung,Woo Jinyoung,1997-05-31,D1CE,South Korea,,M,
JinE,Shin Hyejin,1995-01-22,,South Korea,Pohang,F,
Jinni,Choi Yujin,2004-04-16,NMIXX,South Korea,,F,
Judy,Kim Dahye,1995-05-16,Blackswan,South Korea,,F,
Sowon,Kim Sojung,1995-12-07,Gfriend,South Korea,Seoul,F,
Sowon,Nam Soeun,2004-12-13,TRACER,South Korea,,F,
Gongchan,Gong Chansik,1993-08-14,B1A4,South Korea,Suncheon,M,
Yeju,Kim Yeju,2004-02-01,ICHILLIN',South Korea,,F,
San,Choi San,1999-07-10,ATEEZ,South Korea,,M,
Lizzy,Park Sooyoung,1992-07-31,After School,South Korea,Busan,F,luvlyzzy
Dongwan,Kim Dongwan,1979-11-21,Shinhwa,South Korea,Pohang,M,
Ten,Chittaphon Leechaiyapornkul,1996-02-27,NCT,Thailand,Bangkok,M,
Shuhua,Yeh Shuhua,2000-01-06,(G)I-DLE,Taiwan,,F,
Ni-Ki,Nishimura Riki,2005-12-09,ENHYPEN,Japan,,M,
Mint,Kunpat Phonpawiworakun,1994-06-23,Tiny-G,Thailand,,F,
Cheng Xiao,Cheng Xiao,1998-07-15,Cosmic Girls,China,Shenzhen,F,chengxiao_0715
E-Young,Noh Yiyoung,1992-08-16,After School,South Korea,Chuncheon,F,e_young0816
Seeun,Yoon Seeun,2003-06-14,STAYC,South Korea,Pyeongtaek,F,
Doha,Na Gyumin,2004-03-07,BAE173,South Korea,,M,
Han Geng,Han Geng,1984-02-09,,China,Mudanjiang,M,
Sehyung,Kang Sehyung,1998-12-13,Berry Good,South Korea,,F,
Eunwoo,Cha Eunwoo,1997-03-30,ASTRO,South Korea,Gunpo,M,
Eunwoo,Jeong Eunwoo,1998-07-01,Hinapia,South Korea,,F,
Seonglee,Kim Seonglee,1994-04-06,,South Korea,,M,seong_leeee
Wonjin,Ham Wonjin,2001-03-22,CRAVITY,South Korea,,M,
Wonjin,Won Jin,2003-01-01,GIDONGDAE,South Korea,,M,
Taekhyeon,Jung Taekhyeon,2003-07-28,1the9,South Korea,Gunpo,M,
Yoonsan,Yoon Sanghyuk,1994-08-22,HOTSHOT,South Korea,,M,
Hyein,Lee Hyein,2008-04-21,NewJeans,South Korea,Incheon,F,
Eunha,Jung Eunbi,1997-05-30,VIVIZ,South Korea,Seoul,F,
Jiyoung,Ahn Jiyoung,1995-09-14,Bolbbalgan4,South Korea,Yeongju,F,
Jiyoung,Kang Jiyoung,1994-01-18,,South Korea,Paju,F,
Yoonhye,Jung Yoonhye,2001-10-04,FANATICS,South Korea,,F,
Luha,Lee Gyeonghun,1993-02-15,14U,South Korea,,M,
Yuha,Kang Kyungwon,1997-11-05,Hinapia,South Korea,,F,
Yuku,Amanumu Yuku,2002-05-12,DKB,Japan,,M,
Keonwoo,Kim Keonwoo,1996-12-17,MY.st,South Korea,,M,
Ricky,Yoo Changhyun,1995-02-27,Teen Top,South Korea,Seoul,M,
Ahyung,Kang Ahyoung,1996-08-27,P.O.P,South Korea,Pohang,F,
Danielle,Mo Jihye,2005-04-11,NewJeans,South Korea,Munsan,F,
Chen,Kim Jongdae,1992-09-21,EXO,South Korea,Silheung,M,
Rui,Jang Rui,2000-03-07,7 O'clock,South Korea,Seoul,M,
Rui,Watanabe Rui,1994-10-08,H.U.B,Japan,,F,
Wyatt,Shim Jaeyoung,1995-01-23,ONF,South Korea,Seoul,M,
Ace,Jang Wooyoung,1992-08-28,VAV,South Korea,,M,
Jueun,Jo Jueun,2001-01-27,ARIAZ,South Korea,,F,
Jueun,Lee Jooeun,1995-07-07,DIA,South Korea,Suwon,F,
Dalyn,Lee Sohyun,1999-08-27,ANS,South Korea,,F,
Yedam,Bang Yedam,2002-05-07,Treasure,South Korea,,M,
Rayeon,Lee Rayeon,2001-11-24,FANATICS,South Korea,Gwangju,F,
Minnie,Nicha Yontararak,1997-10-23,(G)I-DLE,Thailand,,F,
Hyeongshin,Kim Hyungshin,2002-05-03,HOT ISSUE,South Korea,,F,
Z-UK,Jeong Jaewook,1993-01-27,,South Korea,,M,
Yeonjung,Yu Yeonjung,1999-08-03,Cosmic Girls,South Korea,Gwangmyeong,F,uyj_s
Damon,Hu Boohan,1996-07-02,VARSITY,China,,M,
Karina,Yoo Jimin,2000-04-11,aespa,South Korea,Gyeonggi,F,
Rocky,Park Minhyuk,1999-02-25,ASTRO,South Korea,Jinju,M,
Junghoon,Han Jeonghoon,2000-02-14,OMEGA X,South Korea,,M,
Junghoon,Lee Junghoon,2000-07-04,1TEAM,South Korea,,M,
Hoony,Lee Seunghoon,1992-01-11,WINNER,South Korea,Busan,M,
Gahyeon,Lee Gahyeon,1999-02-03,Dreamcatcher,South Korea,Seongnam,F,
S.Coups,Choi Seungcheol,1995-08-08,Seventeen,South Korea,Daegu,M,
Jaehee,Lee Jaehee,2004-03-18,Weeekly,South Korea,,F,
Jisook,Kim Jisook,1990-07-18,Rainbow,South Korea,Suwon,F,
Changsun,Lee Changsun,1996-03-17,24K,South Korea,,M,
Sungjae,Yook Sungjae,1995-05-02,BtoB,South Korea,Yongin,M,
Sua,Choi Sooah,2003-02-24,Pixy,South Korea,,F,
Sua,Kim Bora,1994-08-10,Dreamcatcher,South Korea,Changwon,F,
Sua,Yang Sua,1995-03-24,Hashtag,South Korea,Gwangju,F,
Seowon,Jang Seowon,2006-12-05,Lapillus,South Korea,Gwangju,F,
Seowon,Seo Won,2000-12-18,NINE.i,South Korea,,M,
Rosé,Roseanne Park,1997-02-11,BLACKPINK,South Korea,Auckland,F,
Genie,Cho Heejin,2002-03-19,TRACER,South Korea,,F,
T.O.P,Choi Seunghyun,1987-11-04,BIGBANG,South Korea,Seoul,M,
Steven,Kim Steven,2000-01-17,Luminous,South Korea,Sydney,M,
Minah,Bang Minah,1993-05-13,Girl's Day,South Korea,Incheon,F,bbang_93
Yoomin,Na Yoomin,1993-08-29,MELODYDAY,South Korea,,F,im.umin
Jinsol,Lee Jinsol,2001-12-04,APRIL,South Korea,Andong,F,
Soojung,Hwang Soojung,2001-05-10,Hi-L,South Korea,Yongin,F,
Gyujin,Han Gyujin,1997-11-21,UP10TION,South Korea,Icheon,M,
Jaeun,Ha Jaeun,1999-09-28,ARGON,South Korea,,M,
Via,Kim Via,2000-08-17,FANATICS,South Korea,Busan,F,
Heeo,Gwak Heeoh,1994-05-02,4TEN,South Korea,,F,
J.Min,Shin Minjung,1994-11-20,Tiny-G,South Korea,,F,
HighTop,Lim Hyeontae,1994-03-19,Bigflo,South Korea,,M,
J-Min,Jeon Minwook,1999-10-16,BAE173,South Korea,,M,
Dohyuk,Kim Dohyuk,1998-01-16,14U,South Korea,,M,
Ririka,Kishida Ririka,2002-07-02,ILY:1,Japan,,F,
Dylan,Park Yeonjae,2002-07-26,D-CRUNCH,South Korea,,M,
Leedo,Kim Geonhak,1997-07-26,Oneus,South Korea,,M,
Isa,Lee Chaeyoung,2002-01-23,STAYC,South Korea,Busan,F,
Hanni,Pham Ngoc Han,2004-10-06,NewJeans,Vietnam,Melbourne,F,
Minsu,Kim Minsu,2000-03-20,TOO,South Korea,,M,
Minsu,Park Minsu,1993-04-15,Boys Republic,South Korea,Gwangju,M,
Hangyul,Lee Hangyul,1999-12-07,BAE173,South Korea,,M,
Aron,Kwak Youngmin,1993-05-21,NU'EST,South Korea,California,M,
Yeeun,Hwang Yeeun,1997-01-12,Blady,South Korea,Gimhae,F,yeeuneeeee_
Hyun,Park Sunghyun,1997-08-25,7 O'clock,South Korea,Suwon,M,
Kangin,Kim Youngwoon,1985-01-17,,South Korea,Seoul,M,
Daeun,Jung Daeun,1994-06-03,2EYES,South Korea,Bucheon,F,da.ni_jung
Yoojung,Choi Yoojung,1999-11-12,Weki Meki,South Korea,Guri,F,
Yoojung,Lee Taeyeop,1997-05-19,OnlyOneOf,South Korea,,M,
Eyedi,Nam Yujin,1995-12-08,,South Korea,,F,
Ningning,Ning Yizhuo,2002-10-23,aespa,China,Harbin,F,
Chiayi,Li Chiayi,2000-01-22,FANATICS,Taiwan,,F,
Cheongeum,Jang Cheongeum,1996-06-19,Ho1iday,South Korea,,F,
Eunseo,Son Juyeon,1998-05-27,Cosmic Girls,South Korea,Incheon,F,_eunseo_v
Dahye,Song Dahye,1993-06-12,,South Korea,,F,dahye0612
Seungri,Lee Seunghyun,1990-12-12,,South Korea,Gwangju,M,
Cory,Hong Joohyung,1990-11-25,24K,South Korea,Daegu,M,
Somyi,Ahn Somyi,2000-01-26,DIA,South Korea,Changwon,F,
Suyun,Kim Suyun,2001-03-17,Rocket Punch,South Korea,,F,
Sodam,Park Sodam,2004-11-26,BLANK2Y,South Korea,,M,
Jeonyul,Jeon Yuri,1994-03-20,Stellar,South Korea,Seoul,F,
Qri,Lee Jihyun,1986-12-12,T-ara,South Korea,Goyang,F,qtfreet
Nichkhun,Nichkhun Horvejkul,1988-06-24,2PM,Thailand,California,M,
U-Kwon,Kim Yukwon,1992-04-09,Block B,South Korea,Suwon,M,
Sungoh,Yoo Sungoh,1991-01-08,,South Korea,,M,
Gunwoo,Kim Gunwoo,2002-05-28,T1419,South Korea,,M,
Gunwoo,Lee Gunwoo,1989-01-30,MYNAME,South Korea,Daejeon,M,
Chaea,Kim Chaeyoung,1997-07-05,RedSquare,South Korea,Gunsan,F,
Gun,Kwak Gun,2001-09-29,14U,South Korea,,M,
Hyuna,Moon Hyuna,1987-01-19,,South Korea,Yeosu,F,moongom119
Siyoung,Park Siyoung,2003-05-06,Mirae,South Korea,,M,
Taeyoung,Kim Taeyoung,2003-01-27,CRAVITY,South Korea,,M,
Haeyeon,Lee Taeyeon,1994-01-11,Gate9,South Korea,,F,ha2y2on_gnine
Hwichan,Lee Heechan,1996-04-18,Limitless,South Korea,,M,
Roda,Shin Joongmin,1998-09-19,MONT,South Korea,,M,
Gihwan,Kim Gihwan,1993-11-24,SIGNAL,South Korea,,M,
Woohyun,Nam Woohyun,1991-02-08,Infinite,South Korea,Seoul,M,
CL,Lee Chaerin,1991-02-26,2NE1,South Korea,,F,chaelincl
Sujeong,Ryu Sujeong,1997-11-19,Lovelyz,South Korea,Daejeon,F,
Dongwon,Lee Dongwon,1994-01-01,KNK,South Korea,,M,
DK,Kim Dokyun,1998-02-16,BLANK2Y,South Korea,,M,
DK,Kim Donghyuk,1997-01-03,iKON,South Korea,,M,
DK,Lee Seongmin,1997-02-18,Seventeen,South Korea,Yongin,M,
Seoyeon,Kim Minju,1995-11-26,Favorite,South Korea,Gwacheon,F,
Seoyeon,Lee Seoyeon,2000-01-22,fromis_9,South Korea,Seoul,F,
Seoyeon,Yoon Seoyeon,2003-08-06,tripleS,South Korea,,F,
Minchan,Hong Minchan,1998-09-16,Verivery,South Korea,,M,
Yunsung,Hwang Yunsung,1996-03-19,Romeo,South Korea,,M,
Kino,Kang Hyungku,1998-01-27,PENTAGON,South Korea,,M,
Wooseok,Jeong Wooseok,1998-01-31,PENTAGON,South Korea,,M,
Bobby,Kim Jiwon,1995-12-21,iKON,South Korea,Seoul,M,
Haeyoon,Park Haeyoon,1996-01-10,Cherry Bullet,South Korea,,F,
Sungwoon,Ha Sungwoon,1994-03-22,Wanna One,South Korea,Goyang,M,
Yuna,Lee Yuna,1993-04-06,Brave Girls,South Korea,Seoul,F,
Yuna,Seo Yuna,1992-12-30,AoA,South Korea,Busan,F,yn_s_1230
Yuna,Shin Yuna,2003-12-09,ITZY,South Korea,Suwon,F,
Han Hyeri,Han Hyeri,1997-08-24,I.B.I,South Korea,Gwangmyeong,F,soh_eee
Saebom,Kim Saerok,1997-01-30,NATURE,South Korea,,F,
Saebom,Kim Seyoung,1995-01-13,Favorite,South Korea,Gwacheon,F,
Suga,Min Yoongi,1993-03-09,BTS,South Korea,Daegu,M,
Choa,Heo Minjin,1990-07-12,Crayon Pop,South Korea,Seoul,F,
Choa,Park Choa,1990-03-06,,South Korea,Incheon,F,queenchoa_
Wonjun,Lee Wonjun,2002-03-08,E'LAST,South Korea,,M,
Zhou Mi,Zhou Mi,1986-04-19,Super Junior-M,China,Wuhan,M,
Seohyun,Seo Joohyun,1991-06-28,SNSD,South Korea,Seoul,F,seojuhyun_s
Yeowool,Ha Yeowool,1998-04-11,Purplebeck,South Korea,,F,
Won,Park Sungwon,2003-12-18,Ciipher,South Korea,Seoul,M,
Exy,Chu Sojung,1995-11-06,Cosmic Girls,South Korea,Busan,F,exy_s2
Red,Lee Heejin,1991-07-10,Pungdeng-E,South Korea,Daegu,F,
Dohee,Min Dohee,1994-09-25,Tiny-G,South Korea,,F,
Dohee,Yoon Dohee,1999-09-24,,South Korea,,F,
Dayun,Kim Dayun,2000-11-20,Bonus Baby,South Korea,,F,
Kwangjin,Kwon Kwangjin,1992-08-12,N.Flying,South Korea,Seoul,M,
Wish,Kwak Dawit,2002-06-11,EPEX,South Korea,,M,
Jia,Guo Jiajia,2005-07-30,TRI.BE,China,,F,
Jia,Meng Jia,1989-02-03,miss A,China,Changja,F,mjbaby0203
Jia,Yoon Jia,2004-01-16,mimiimiii,South Korea,Incheon,F,
Yeso,Lee Yeso,2001-11-13,G-reyish,South Korea,,F,
Jei,Kim Jinhee,1989-09-05,Fiestar,South Korea,Bucheon,F,kimjeii
Inho,Hwang Inho,1993-06-21,IN2IT,South Korea,,M,
Hayun,Choi Hayun,2004-01-16,Hi-L,South Korea,Seoul,F,
Hayun,Lee Hayun,1994-08-29,,South Korea,Changwon,F,hayoon.y
Hyeju,Hong Hyeju,2003-12-09,CLASS:y,South Korea,Seoul,F,
Taemin,Lee Taemin,1993-07-18,SHINee,South Korea,Seoul,M,
Minkyung,Kang Minkyung,1990-08-03,Davichi,South Korea,Goyang,F,
Uchae,Yu Hyejun,2002-05-07,NATURE,South Korea,,F,
Hwanwoong,Yeo Hwanwoong,1998-08-26,Oneus,South Korea,,M,
Jeongseung,Park Jeongseung,2002-05-20,D-CRUNCH,South Korea,,M,
Gyehyeon,Jo Gyehyeon,1999-05-14,Verivery,South Korea,,M,
Vivian,Park Sunghee,1998-12-08,Gate9,South Korea,,F,vivian__g9
Yonghwa,Jung Yonghwa,1989-06-22,CNBLUE,South Korea,Seoul,M,
Ayno,Noh Yoonho,1996-05-01,VAV,South Korea,,M,
Kookheon,Kim Kookheon,1997-04-15,B.O.Y,South Korea,,M,
Gunmin,Lee Gunmin,1994-10-03,B.I.G,South Korea,Gangwon,M,
Sora,Sakata Sora,2003-08-30,woo!ah!,Japan,,F,
Rona,Chang Ching,2002-06-05,ILY:1,Taiwan,Taipei,F,
Hyorin,Kim Hyojung,1990-12-11,SISTAR,South Korea,,F,xhyolynx
Dongpyo,Son Dongpyo,2002-09-09,Mirae,South Korea,,M,
Casper,Chu Xiaoxiang,1991-03-20,CROSS GENE,China,Shanghai,M,
Heo Chan,Heo Chan,1995-12-14,,South Korea,,M,
CNU,Shin Dongwoo,1991-06-16,B1A4,South Korea,Seoul,M,
Kokoro,Kato Kokoro,2000-11-01,,Japan,,F,
Juhyeon,Lee Juhyeon,2004-04-08,LIGHTSUM,South Korea,,F,
Asahi,Hanada Asahi,2001-08-20,Treasure,Japan,,M,
Hina,Nagai Hina,2003-04-07,LIGHTSUM,Japan,Kanagawa,F,
L.Joe,Lee Byunghun,1993-11-23,,South Korea,Gunsan,M,
Suhyun,Choi Hyunggeun,1992-10-01,SNUPER,South Korea,Bucheon,M,
Hwiyoung,Kim Youngkyun,1999-05-11,SF9,South Korea,,M,
Junseong,Choi Junseong,2002-09-29,Ghost9,South Korea,,M,
Hyunjun,Bae Hyunjun,2003-06-06,ATBO,South Korea,Seoul,M,
Hyunjun,Lee Hyunjun,1999-12-21,IZ,South Korea,,M,
Haerin,Kang Haerin,2006-05-15,NewJeans,South Korea,Gimcheon,F,
Minhyuk,Kang Minhyuk,1991-06-28,CNBLUE,South Korea,Ilsan,M,
Minhyuk,Kim Minhyuk,1999-11-06,D-CRUNCH,South Korea,,M,
Minhyuk,Lee Minhyuk,1993-11-03,MONSTA X,South Korea,,M,
Jiwon,Heo Jiwon,2000-09-04,Cherry Bullet,South Korea,,F,
Jiwon,Park Jiwon,1998-03-20,fromis_9,South Korea,,F,
Jiwon,Yang Jiwon,1988-04-05,UNI.T,South Korea,Seoul,F,
Nancy,Nancy Mcdonie,2000-04-13,MOMOLAND,South Korea,Daegu,F,
Haeri,Jung Haeri,1997-01-14,P.O.P,South Korea,Seoul,F,
Haeri,Lee Haeri,1985-02-14,Davichi,South Korea,Seoul,F,
Gon,Kim Seongjung,1998-11-13,ARGON,South Korea,,M,
Yan An,Yan An,1996-10-25,PENTAGON,China,Shanghai,M,
Yijeong,Jang Yijeong,1993-09-10,HISTORY,South Korea,Jinju,M,
Soyoung,Yoo Soyoung,1996-03-29,,South Korea,Seoul,F,ssossolovely
Daesung,Daesung,1989-04-26,BIGBANG,South Korea,Incheon,M,
Woojoo,Kim Sangyoon,1996-09-18,14U,South Korea,,M,
Woojoo,Kim Woojoo,1996-08-12,Wassup,South Korea,,F,
Hyeongseok,Chu Hyeongseok,2000-09-13,Astin,South Korea,,M,
Johnny,John Seo,1995-02-09,NCT,USA,Chicago,M,
DY,Jeon Doyum,2002-02-21,JUST B,South Korea,Daejeon,M,
Jehyun,Moon Jehyun,1999-04-20,OMEGA X,South Korea,,M,
Ellyn,Bang Sunhee,2002-10-19,Girlkind,South Korea,,F,
P-Goon,Park Sehyuk,1991-10-18,,South Korea,Seoul,M,
Jenny,Lee Soyul,1996-09-04,,South Korea,Seoul,F,
Seungho,Yang Seungho,1987-10-16,MBLAQ,South Korea,Seoul,M,
Lutan,Choi Gyeongseok,2003-12-06,BLITZERS,South Korea,,M,
Siwon,Choi Siwon,1986-04-07,Super Junior,South Korea,Seoul,M,
Kiseop,Lee Kiseop,1991-01-17,U-KISS,South Korea,Seongnam,M,
Yixuan,Zhou Yixuan,1990-12-11,UNIQ,China,,M,
Hyunsik,Lim Hyunsik,1992-03-07,BtoB,South Korea,Ilsan,M,
Solbin,Ahn Solbin,1997-08-19,LABOUM,South Korea,Ojeonggu,F,
Hyunsoo,Jang Hyunsoo,2003-09-16,TNX,South Korea,,M,
Hyunsoo,Kim Hyunsoo,1995-04-12,D1CE,South Korea,,M,
G.NA,Gina Jane Choi,1987-09-13,,Canada,Edmonton,F,missginachoi87
Jea,Kim Hyojin,1981-09-18,Brown Eyed Girls,South Korea,,F,jeaworld
Dowoon,Yoon Dowoon,1995-08-25,DAY6,South Korea,,M,
Sulli†,Choi Jinri,1994-03-29,,South Korea,Busan,F,
Eunkwang,Seo Eunkwang,1990-11-22,BtoB,South Korea,Yongin,M,
Hyeoeun,Lee Hyoeun,1993-03-16,Stellar,South Korea,Seoul,F,
Henry,Henry Lau,1989-10-11,Super Junior-M,Canada,Toronto,M,
D.ana,Cho Eunae,1995-09-10,Sonamoo,South Korea,Seoul,F,
Wooyoung,Jang Wooyoung,1989-04-30,2PM,South Korea,Busan,M,
Wooyoung,Jung Wooyoung,1999-11-26,ATEEZ,South Korea,,M,
BM,Matthew Kim,1992-10-20,KARD,South Korea,,M,
Lucas,Wong Junghei,1999-01-25,NCT,Hong Kong,,M,
Mijoo,Lee Mijoo,1994-09-23,Lovelyz,South Korea,Okcheon,F,
Prince,Pasidh Vataniyapromote,2003-01-10,Ghost9,Thailand,,M,
SinB,Hwang Eunbi,1998-06-03,VIVIZ,South Korea,Cheongju,F,
Sojin,Hong Sojin,1999-09-24,Hashtag,South Korea,,F,
Sojin,Jo Sojin,1991-10-11,9Muses,South Korea,Gwangju,F,josojin_1011
Sojin,Park Sojin,1986-05-21,Girl's Day,South Korea,Daegu,F,ssozi_sojin
Yebin,Baek Yebin,1997-07-13,DIA,South Korea,Chuncheon,F,
Yebin,Kim Yebin,2004-11-01,HOT ISSUE,South Korea,,F,
Suyeon,Ji Suyeon,1997-04-20,Weki Meki,South Korea,,F,
Tina,Christine Joy Park,1994-09-01,Blady,USA,Los Angeles,F,nuhmootina
Chenle,Zhong Chenle,2001-11-22,NCT,China,Shanghai,M,
K.Me,Na Miri,1992-04-10,BADKIZ,South Korea,Yeosu,F,k.me93
Winwin,Dong Sicheng,1997-10-28,NCT,China,Zhejiang,M,
Lex,Jeon Hyungmin,1993-01-12,Bigflo,South Korea,,M,
Jackie,Kang Chaeyeon,2001-11-17,ICHILLIN',South Korea,Los Angeles,F,
Yellow,Kim Eunbi,1993-05-05,Pungdeng-E,South Korea,Seoul,F,
Sihyeon,Kang Sihyeon,1998-07-15,ARIAZ,South Korea,,F,
Sihyeon,Kim Sihyeon,1999-08-05,Everglow,South Korea,,F,
Woohee,Bae Woohee,1991-11-21,Dal Shabet,South Korea,Busan,F,
Vernon,Choi Hansol,1998-02-18,Seventeen,USA,New York,M,
Baek Seung,Kim Hyunwoo,2004-10-05,EPEX,South Korea,Seoul,M,
Anne,Lee Seoyoung,2000-10-17,GWSN,South Korea,,F,
Eunbin,Kwon Eunbin,2000-01-06,CLC,South Korea,Seoul,F,
JM,Chu Jimin,2001-10-11,JUST B,South Korea,,M,
Yeonho,Ju Yeonho,2000-05-31,Verivery,South Korea,,M,
LE,Ahn Hyejin,1991-12-10,EXID,South Korea,Cheonan,F,x_xellybabyx
Tzuyu,Chou Tzuyu,1999-06-14,Twice,Taiwan,Tainan,F,
Minhyun,Hwang Minhyun,1995-08-09,NU'EST,South Korea,Busan,M,
Vahn,Kim Jungwoo,1999-05-07,NINE.i,South Korea,,M,
Jerrry,Ahn Sohyun,1992-08-27,Tahiti,South Korea,Seoul,F,
Seokyoung,Kim Seokyung,1999-04-16,GWSN,South Korea,,F,
Jiyeon,Park Jiyeon,1993-06-07,T-ara,South Korea,Seoul,F,jiyeon2__
Yoohyeon,Kim Yoohyeon,1997-01-07,Dreamcatcher,South Korea,Incheon,F,
High.D,Kim Dohee,1996-12-21,Sonamoo,South Korea,Suwon,F,
TAG,Son Youngtaek,1998-04-13,Golden Child,South Korea,,M,
TAG,Yeom Taekyun,2002-09-30,Ciipher,South Korea,,M,
Soojin,Lee Soojin,2001-12-12,Weeekly,South Korea,,F,
Soojin,Seo Soojin,1998-03-09,,South Korea,,F,
Leo,Hayase Leo,2002-10-08,T1419,Japan,,M,
Leo,Jung Taekwon,1990-11-10,VIXX,South Korea,Seoul,M,
Bain,Song Byeonghee,2001-05-04,JUST B,South Korea,,M,
Fatou,Fatou Samba,1995-03-23,Blackswan,Belgium,Yoff,F,
LuA,Jo Hankyeung,1991-09-14,BADKIZ,South Korea,Busan,F,
Mir,Bang Cheolyong,1991-03-10,MBLAQ,South Korea,Bukhamyeon,M,
Mir,Lee Yoonsang,2000-03-06,Astin,South Korea,,M,
Changjo,Choi Jonghyun,1995-11-16,Teen Top,South Korea,Chuncheon,M,
Jiung,Choi Jiwoong,2001-10-07,P1Harmony,South Korea,,M,
Green,Kim Jiwon,1997-07-01,RedSquare,South Korea,Daegu,F,
Way,Heo Minsun,1990-07-12,Crayon Pop,South Korea,Seoul,F,baysunny
Yves,Ha Sooyoung,1997-05-24,LOONA,South Korea,,F,
Keonhee,Lee Keonhee,1998-06-27,Oneus,South Korea,,M,
Eunjae,Kwak Eunjae,1996-05-02,14U,South Korea,,M,
Hyerin,Jeong Hyerin,2007-04-12,tripleS,South Korea,,F,
Hyerin,Kim Hyerin,1993-06-13,2EYES,South Korea,Seoul,F,hyelyn0723
Hyerin,Seo Hyerin,1993-08-23,EXID,South Korea,Gwangju,F,hyeliniseo
Youngjae,Choi Youngjae,1996-09-17,GOT7,South Korea,Mokpo,M,
Youngjae,Yoo Youngjae,1994-01-24,B.A.P,South Korea,Seoul,M,
Joohyoung,Kim Joohyoung,2003-03-15,NINE.i,South Korea,,M,
YY,Kim Moonyong,1991-08-30,UNVS,South Korea,,M,
Woori,Go Woori,1988-02-22,Rainbow,South Korea,Jeonju,F,
Minwoo,Ha Minwoo,1990-09-06,ZE:A,South Korea,Yangsan,M,
Minwoo,Lee Minwoo,1979-07-28,Shinhwa,South Korea,Namwon,M,
Minwoo,No Minwoo,1995-07-31,Boyfriend,South Korea,Anyang,M,
Eson,Kim Jungmin,1996-12-28,We In The Zone,South Korea,Honolulu,M,
Daewang Nim,Daewang Nim,1996-04-08,Pink Fantasy,South Korea,,F,
Love,Park Jisung,1994-01-17,,South Korea,,M,
Kid,Kim Junhoe,1995-10-26,VARSITY,South Korea,,M,
Chaebin,Choi Yoobin,1999-07-28,NATURE,South Korea,,F,
Rei,Naoi Rei,2004-02-03,IVE,Japan,,F,
Minhwan,Choi Minhwan,1992-11-11,FTISLAND,South Korea,Seoul,M,
Jiu,Kim Minji,1994-05-17,Dreamcatcher,South Korea,Daejeon,F,
Myungji,Kim Myungji,1997-10-09,Tiny-G,South Korea,,F,
Benji,Baek Jaewook,1992-05-03,B.I.G,USA,Indianapolis,M,
Hyunwook,Ji Hyunwook,1998-07-01,D-CRUNCH,South Korea,,M,
Sohee,Kim Sohee,2003-08-14,Rocket Punch,South Korea,,F,
Sohee,Uhm Sohee,2004-01-01,ICHILLIN',South Korea,,F,
Subin,Jung Subin,1999-04-05,VICTON,South Korea,,M,
Subin,Oh Subin,1998-09-30,Hashtag,South Korea,,F,
Subin,Park Subin,1994-02-12,Dal Shabet,South Korea,Gwangju,F,
Jangjun,Lee Jangjun,1997-03-03,Golden Child,South Korea,,M,
Riho,Jin Seungwook,1998-03-01,VARSITY,South Korea,Incheon,M,
Seunghyub,Lee Seunghyub,1992-10-31,N.Flying,South Korea,Daegu,M,
Chansung,Hwang Chansung,1990-02-11,2PM,South Korea,Seoul,M,
Zuny,Kim Joomi,1994-12-08,Ladies' Code,South Korea,Gwangju,F,
Juhyun,Cha Juhyun,2000-04-01,Bling Bling,South Korea,,F,
Jaeyun,Lee Jaeyun,2000-08-16,TOO,South Korea,,M,
Isaac,Voo Isaak,1994-12-12,IN2IT,Malaysia,,M,
Jeno,Lee Jeno,2000-04-23,NCT,South Korea,,M,
Hyunmin,Byun Hyunmin,1999-04-17,,South Korea,,M,bhm__99
Suji,Lee Suji,1998-03-20,UNI.T,South Korea,Busan,F,
Mino,Song Minho,1993-03-30,WINNER,South Korea,Yongin,M,
MK,Park Minkyun,1995-11-16,ONF,South Korea,Ilsan,M,
Hyunwoong,Kim Hyunwoong,1998-02-08,14U,South Korea,,M,
Dahyun,Jeong Dahyun,2005-04-29,Rocket Punch,South Korea,,F,
Dahyun,Kim Dahyun,1998-05-28,Twice,South Korea,Seongnam,F,
D1,Jang Dongil,1998-02-15,DKB,South Korea,,M,
Junhyuk,Choi Junhyuk,1992-04-21,HOTSHOT,South Korea,Ulsan,M,
Junhyuk,Lee Junhyuk,2000-05-16,Mirae,South Korea,Seoul,M,
Chaerin,Park Chaerin,2003-03-31,ICHILLIN',South Korea,,F,
Sojung,Lee Sojung,1993-09-03,Ladies' Code,South Korea,Wonju,F,
Euijin,Hong Euijin,1996-10-08,Sonamoo,South Korea,Gwangju,F,
Euijin,Lee Euijin,1990-02-15,Bigflo,South Korea,Seoul,M,
Uji,Jang Yuji,1991-01-02,,South Korea,,F,yudi_didi
Hyungwon,Chae Hyungwon,1994-01-15,MONSTA X,South Korea,Gwangju,M,
Hojoon,Jeon Hojoon,1992-10-31,Topp Dogg,South Korea,Gwangju,M,
Junho,Cha Junho,2002-07-09,DRIPPIN,South Korea,,M,
Junho,Lee Junho,1990-01-25,2PM,South Korea,Ilsan,M,
Seungyoon,Cho Seungyoon,1996-08-05,UNIQ,South Korea,,M,
Leeteuk,Park Jeongsu,1983-07-01,Super Junior,South Korea,Seoul,M,
Timoteo,Kim Moongyu,1993-01-25,HOTSHOT,South Korea,,M,
Yerim,Jeong Yerim,1997-03-10,Purplebeck,South Korea,,F,
Juri,Takahashi Juri,1997-10-03,Rocket Punch,Japan,,F,
Sieun,Lee Sieun,1993-09-19,CHECKMATE,South Korea,,F,
Sieun,Park Sieun,2001-08-01,STAYC,South Korea,Seoul,F,
Loudi,Won Jihoon,1996-04-13,14U,Indonesia,,M,
MJ,Kim Myungjun,1994-03-05,ASTRO,South Korea,Nowon,M,
Bian,Yu Jiwon,2001-02-13,MAJORS,South Korea,,F,
C.A.P,Bang Minsoo,1992-11-04,Teen Top,South Korea,Seongnam,M,
Rie,Lee Seungho,1996-11-06,OnlyOneOf,South Korea,,M,
Seongmin,Ahn Seongmin,2003-08-01,CRAVITY,South Korea,,M,
Shownu,Son Hyunwoo,1992-06-18,MONSTA X,South Korea,,M,
U-Know Yunho,Jung Yunho,1986-02-06,TVXQ,South Korea,Gwangju,M,
Mingi,Son Mingi,1999-08-09,ATEEZ,South Korea,,M,
Dita,Dita Karang,1996-12-25,SECRET NUMBER,Indonesia,Yogyakarta,F,
Henny,Kang Gayoung,1994-12-01,,South Korea,,F,
Woono,Song Wonho,2003-04-05,YOUNITE,South Korea,,M,
Do-A,Choi Yuna,1999-02-02,ALICE,South Korea,,F,
Solji,Heo Solji,1989-01-10,EXID,South Korea,Seongnam,F,soul.g_heo
Han,Han Jisung,2000-09-14,Stray Kids,South Korea,Incheon,M,
Mu,Suh Kyungmin,2003-09-14,EPEX,South Korea,,M,
Thunder,Park Sanghyun,1990-10-07,,South Korea,Busan,M,
Taewoong,Yoo Taewoong,1994-05-24,SNUPER,South Korea,,M,
Yuta,Nakamoto Yuta,1995-10-26,NCT,Japan,Osaka,M,
Sion,Kim Sion,2004-10-19,YOUNITE,South Korea,,M,
Sakang,Jeon Sakang,2002-10-26,TheEastLight,South Korea,,M,
Chanyong,Kim Chanyong,1993-04-29,100%,South Korea,Suwon,M,
Belle,Jin Hyeonjoo,2001-11-03,Cignature,South Korea,Goyang,F,
Ara,Lee Yunji,2002-01-23,ILY:1,South Korea,,F,
Eunsang,Lee Eunsang,2002-10-26,YOUNITE,South Korea,,M,
Sunwoo,Choi Sunwoo,1992-03-12,Boys Republic,South Korea,Seoul,M,
Sunwoo,Kim Sunwoo,2000-04-12,The Boyz,South Korea,,M,
Hoshi,Kwon Soonyoung,1996-06-15,Seventeen,South Korea,Namyangju,M,
Uee,Kim Yujin,1988-04-09,,South Korea,Daegu,F,
Miryo,Jo Mihye,1981-11-02,Brown Eyed Girls,South Korea,,F,miryoakajohoney
Joshua,Hong Jisoo,1995-12-30,Seventeen,USA,Los Angeles,M,
Yiren,Wang Yiren,2000-12-29,Everglow,China,,F,
E-tion,Lee Changyoon,1994-12-24,ONF,South Korea,Jeonju,M,
Kahi,Park Jiyoung,1980-12-25,,South Korea,Daegu,F,imisskahi
Lee Haein,Lee Haein,1992-07-04,I.B.I,South Korea,Changwon,F,
B.S,Lee Youngsoo,1995-04-14,14U,South Korea,,M,
Shinye,Kam Yerim,2004-03-07,MAJORS,South Korea,,F,
Dami,Hong Dayoung,2001-06-07,ANS,South Korea,,F,
Dami,Lee Yoobin,1997-03-07,Dreamcatcher,South Korea,Seoul,F,
Kichun,Hwang Kichun,1992-03-14,,South Korea,,M,
Eunjun,Choi Eunjun,1999-08-06,Spectrum,South Korea,,M,
Heeseung,Lee Heeseung,2001-10-15,ENHYPEN,South Korea,,M,
Yura,Kim Ahyoung,1992-11-06,Girl's Day,South Korea,Ulsan,F,yura_936
Choyeon,Kim Choyeon,2001-08-01,bugAboo,South Korea,,F,
U-Si,Yoo Jiyeon,1997-11-13,BADKIZ,South Korea,Iksan,F,_u_si
Vari,Jae Hyun,2000-09-03,NINE.i,South Korea,,M,
Narin,Lee Narin,2001-10-29,Bling Bling,South Korea,,F,
Lee Soo,Jin Isoo,2001-06-27,PRECIOUS,South Korea,Incheon,F,
Onew,Lee Jinki,1989-12-14,SHINee,South Korea,Gwangmyeong,M,
Woosung,Choi Sunghyuk,1994-09-24,SNUPER,South Korea,Seoul,M,
Siyeon,Lee Siyeon,1995-10-01,Dreamcatcher,South Korea,Daegu,F,
Jaekyung,Kim Jaekyung,1988-12-24,Rainbow,South Korea,Seoul,F,
Jinha,Kim Jinha,2003-11-21,TRI.BE,South Korea,,F,
Junkyu,Kim Junkyu,2000-09-09,Treasure,South Korea,,M,
Noah,Hwang Seundae,1998-03-18,CHECKMATE,South Korea,,M,
Noah,Song Yubin,2000-08-02,T1419,South Korea,,M,
Kairi,Imai Kairi,2003-02-24,T1419,Japan,,M,
Euaerin,Lee Hyemin,1988-05-03,,South Korea,Seoul,F,
Dongmyeong,Son Dongmyeong,2000-01-20,Onewe,South Korea,,M,
Sangwoo,Kim Sangwoo,2002-09-03,JUST B,South Korea,,M,
ChaeY,Song Chaeyeon,2003-01-06,CRAXY,South Korea,,F,
Kyujin,Jang Kyujin,2006-05-26,NMIXX,South Korea,,F,
Dongjun,Hwang Dongjun,1999-09-07,,South Korea,,M,
Dongjun,Kim Dongjun,1992-02-11,ZE:A,South Korea,Busan,M,
Sunghyuk,Seo Sunghyuk,1999-08-26,,South Korea,,M,sunghyuk_seo
Bin,Kwon Soobin,1993-10-28,Hot Blood Youth,South Korea,,M,
Suil,Ma Suil,1999-03-30,Luminous,South Korea,Gwangju,M,
Yuvin,Song Yuvin,1998-04-28,B.O.Y,South Korea,,M,
Kyungil,Song Kyungil,1987-11-28,HISTORY,South Korea,,M,
Chuu,Kim Jiwoo,1999-10-20,LOONA,South Korea,Cheongju,F,
Rubin,Lee Haejoon,1995-08-16,1TEAM,South Korea,,M,
Cya,Lee Giwook,2000-01-24,Onewe,South Korea,,M,
Yeseul,Kim Yeseul,2004-03-24,Hi-L,South Korea,,F,
Donghae,Lee Donghae,1986-10-15,Super Junior,South Korea,Mokpo,M,
Doi,Kim Doi,1994-04-12,FANATICS,South Korea,,F,
Hyunjin,Hwang Hyunjin,2000-03-20,Stray Kids,South Korea,Seoul,M,
Hyunjin,Kim Hyunjin,2000-11-15,LOONA,South Korea,Jeonju,F,
Sungjoo,Kim Sungjoo,1994-02-16,UNIQ,South Korea,,M,
Layeon,Lee Jimin,1998-08-13,Purplebeck,South Korea,,F,
Yoshi,Kanemoto Yoshinori,2000-05-15,Treasure,Japan,Kobe,M,
Jiae,Kim Jiae,1995-10-31,Wassup,South Korea,,F,
Jiae,Yoo Jiae,1993-05-21,Lovelyz,South Korea,Seoul,F,
BC,Jin Sungho,1994-07-18,1TEAM,South Korea,,M,
Mire,Su Mire,2006-03-26,TRI.BE,Japan,,F,
Jihyun,Nam Jihyun,1990-01-09,4minute,South Korea,Seoul,F,njh9019
N,Cha Hakyeon,1990-06-30,VIXX,South Korea,Changwon,M,
Sunmi,Lee Sunmi,1992-05-02,Wonder Girls,South Korea,Iksan,F,miyayeah
Hyewon,Kang Hyewon,1999-07-05,IZ*ONE,South Korea,Yangsan,F,
Lea,Ogawa Mizuki,1995-08-12,SECRET NUMBER,Japan,Tokyo,F,
Nakta,Shin Yooncheol,1993-04-24,,South Korea,Daegu,M,
Tao,Hwang Zitao,1993-05-02,,China,Qingdao,M,
Sorn,Chonnasorn Sajakul,1996-11-18,CLC,Thailand,Bangkok,F,
Felix,Lee Youngbok,2000-09-15,Stray Kids,South Korea,Sydney,M,
Jiho,Jang Jiho,2004-08-10,NINE.i,South Korea,Gyeonggi,M,
Jiho,Kim Jiho,1997-04-04,Oh My Girl,South Korea,Okcheon,F,
Jinhwa,Choi Jinhwa,2002-01-15,BLITZERS,South Korea,,M,
B.I,Kim Hanbin,1996-10-22,,South Korea,Goyang,M,
Hajeong,Lee Hajeong,1997-09-23,,South Korea,,F,sunghyuk_seo
Songyee,Park Songyee,2004-09-25,,South Korea,,F,
Yooa,Yoo Siah,1995-09-17,Oh My Girl,South Korea,Seoul,F,
Yeonjoo,Song Yeonjoo,1997-06-26,P.O.P,South Korea,Ansan,F,
Sejun,Lim Sejun,1996-05-04,VICTON,South Korea,,M,
Somin,Jang Somin,1993-11-10,BADKIZ,South Korea,Gwangmyeon,F,somin.92
Somin,Jeon Somin,1996-08-22,KARD,South Korea,Seoul,F,
Chaeryeong,Lee Chaeryeong,2001-06-05,ITZY,South Korea,Yongin,F,
Sungjin,Park Sungjin,1993-01-16,DAY6,South Korea,,M,
O.V,Kim Sanchan,1999-01-03,D-CRUNCH,South Korea,,M,
Seungchan,Kang Seungchan,2003-01-01,Newkidd,South Korea,,M,
Bada,Kim Bada,2002-05-28,Hinapia,South Korea,,F,
Moonvok,Jang Moonvok,1995-04-11,Limitless,South Korea,,M,
Wooyeon,Park Jinkyung,2003-02-11,woo!ah!,South Korea,,F,
Bona,Kim Jiyeon,1995-08-19,Cosmic Girls,South Korea,Daegu,F,
Hyunoh,Park Hyunoh,1999-02-12,D-CRUNCH,South Korea,,M,
Cyan,Lee Chaeeun,2001-04-04,bugAboo,South Korea,Sanbon,F,
Segye,Shin Segye,1998-08-19,AREAL,South Korea,,F,
G-Dragon,Kwon Jiyong,1988-08-18,BIGBANG,South Korea,Seoul,M,
Yurim,Park Yurim,1998-04-13,3YE,South Korea,,F,
Rowoon,Kim Seokwoo,1996-08-07,SF9,South Korea,,M,
Jooan,Im Jimyoung,1996-10-04,We In The Zone,South Korea,Dongtan,M,
Yuqi,Song Yuqi,1999-09-23,(G)I-DLE,China,Beijing,F,
Kady,Gu Dokyoung,1995-04-07,Gate9,South Korea,Busan,F,kady_g9
Yookyung,Seo Yookyung,1993-03-15,,South Korea,,F,
Wheein,Jung Wheein,1995-04-17,Mamamoo,South Korea,Jeonju,F,
Soeun,Bang Soeun,2005-12-10,TRI.BE,South Korea,,F,
Soeun,Park Soeun,2002-10-26,Weeekly,South Korea,,F,
Seunghun,Kim Seunghun,1999-02-26,CIX,South Korea,,M,
Youngeun,Seo Youngeun,2004-12-27,Kep1er,South Korea,,F,
Bekah,Rebecca Kim,1989-08-11,,South Korea,Honolulu,F,
Yujeong,Kim Yujeong,1992-02-14,,South Korea,Seoul,F,
Yujeong,Lee Yujeong,2004-06-14,LIGHTSUM,South Korea,,F,
Yujeong,Nam Yujeong,1991-05-02,Brave Girls,South Korea,Seoul,F,
Jason,Kim Byeongkwan,1996-08-13,A.C.E,South Korea,Seoul,M,
Yel,Han Shinyoung,2004-12-25,H1-KEY,South Korea,,F,
Junseo,Hwang Junseo,2001-01-16,DKB,South Korea,,M,
Junseo,Kim Junseo,2001-11-20,WEi,South Korea,Ulsan,M,
Junseo,Park Junseo,2001-12-28,BAE173,South Korea,,M,
Yongseok,Choi Yongseok,1996-05-23,CHECKMATE,South Korea,,M,
Yongseok,Kim Yongseok,1993-01-08,CROSS GENE,South Korea,Seoul,M,
Jaehan,Kim Jaehan,1995-07-01,OMEGA X,South Korea,,M,
Xin,Wang Xinwi,1996-11-10,VARSITY,China,,M,
Lee Jin,Shim Yerin,2001-03-12,Hi-L,South Korea,,F,
Amber,Amber Josephine Liu,1992-09-18,f(x),USA,Los Angeles,F,ajol_llama
Yewang,Seo Yewang,2005-03-12,EPEX,South Korea,,M,
XiaoTing,Shen Xiao Ting,1999-11-12,Kep1er,China,,F,
Hyoyeon,Kim Hyoyeon,1989-09-22,SNSD,South Korea,Incheon,F,watasiwahyo
Yonghoon,Jin Yonghoon,1994-08-17,Onewe,South Korea,,M,
RM,Kim Namjoon,1994-09-12,BTS,South Korea,Ilsan,M,
Yuki,Lim Jiyeon,2002-01-30,Saturday,South Korea,,F,
Yuki,Mori Koyuki,2002-11-06,Purple Kiss,Japan,,F,
Bom,Park Bom,1984-03-24,2NE1,South Korea,,F,haroobommi
Hyeji,Jeong Hyeji,1992-04-02,4TEN,South Korea,Seoul,F,
Eunsung,Lee Eunsung,2000-09-07,TheEastLight,South Korea,,M,
Babysoul,Lee Soojung,1992-07-06,Lovelyz,South Korea,Gwangju,F,
Eunbi,Kwon Eunbi,1995-09-27,IZ*ONE,South Korea,Seoul,F,
Bitto,Lee Changhyun,1996-08-24,UP10TION,South Korea,Dongducheon,M,
Chungha,Kim Chungha,1996-02-09,,South Korea,Dallas,F,
Wonwoo,Jeon Wonwoo,1996-07-17,Seventeen,South Korea,Changwon,M,
Allen,Allen Ma,1999-04-26,CRAVITY,USA,,M,
Alice,Cheon Jaeyoung,2002-02-20,TRACER,South Korea,,F,
Alice,Song Joohee,1990-03-21,Hello Venus,South Korea,Wonju,F,jh.song_alice
Gowon,Park Chaewon,2000-11-19,LOONA,South Korea,,F,
Younghoon,Kim Younghoon,1997-08-08,The Boyz,South Korea,,M,
Hyomin,Park Sunyoung,1989-05-30,T-ara,South Korea,Busan,F,hyominnn
Yunkyung,Seo Yunkyung,2001-11-01,Rocket Punch,South Korea,,F,
Kyuhwan,Lee Kyuhwan,1994-09-18,SIGNAL,South Korea,,M,
Kanghyun,Kang Hyungu,1998-11-24,Onewe,South Korea,,M,
Xiyeon,Park Junghyun,2000-11-14,Pristin,South Korea,,F,
Sebin,Jang Sebin,1996-04-24,SNUPER,South Korea,Pocheon,M,
Tan,Choi Seokwon,1996-08-25,Ciipher,South Korea,,M,
Jihan,Han Jihyo,2004-07-12,Weeekly,South Korea,,F,
Tsuki,Fukutomi Tsuki,2002-09-21,Billlie,Japan,,F,
Jennie,Kim Jennie,1996-01-16,BLACKPINK,South Korea,Anyang,F,
Sika,Ren Shika,1995-08-22,,China,,F,
Chaesol,Maeng Chaesol,1998-07-14,Cignature,South Korea,Yeosu,F,
Woobin,Jeong Woobin,2000-04-01,Luminous,South Korea,Busan,M,
Woobin,Seo Woobin,2000-10-16,CRAVITY,South Korea,,M,
Key,Kim Kibum,1991-09-23,SHINee,South Korea,Daegu,M,
Eseo,Noh Hyunjung,1996-03-04,LUNARSOLAR,South Korea,,F,
Suho,Kim Junmyeon,1991-05-22,EXO,South Korea,Seoul,M,
Lien,Shimada Sho,1998-03-11,Mirae,Japan,Osaka,M,
Nakyung,Lee Nakyung,2000-06-01,fromis_9,South Korea,Mungyeong,F,
Eun Hwi,Eun Hwi,2004-11-11,TNX,South Korea,,M,
Donghan,Kim Donghan,1998-07-03,WEi,South Korea,Daegu,M,
Nari,Kim Nari,1992-10-05,Wassup,South Korea,,F,
Woozi,Lee Jihoon,1996-11-22,Seventeen,South Korea,Busan,M,
Hakmin,Lee Hakmin,2000-09-20,TRCNG,South Korea,,M,
Hohyeon,Lee Hohyeon,2001-10-14,TRCNG,South Korea,,M,
Jingyu,Lee Jingyu,1998-04-22,Astin,South Korea,,M,
V,Kim Taehyung,1995-12-30,BTS,South Korea,Daegu,M,
Roel,Kim Sunho,1997-02-13,ARGON,South Korea,,M,
Minho,Choi Minho,1991-12-09,SHINee,South Korea,Incheon,M,
Minho,Lee Minho,1995-09-04,MY.st,South Korea,,M,
Minjoo,Kim Minjoo,2001-02-05,IZ*ONE,South Korea,Seoul,F,
Umji,Kim Yewon,1998-08-19,VIVIZ,South Korea,Incheon,F,
Sheon,Kim Suyeon,2003-01-28,Billlie,South Korea,,F,
Wontak,Ju Wontak,1996-02-24,,South Korea,,M,/j_wontagii/
Ayamy,Suzuki Ayami,2000-07-15,Bling Bling,Japan,,F,
Zuho,Bae Juho,1996-07-04,SF9,South Korea,,M,
Junhyung,Son Junhyung,2000-10-21,Ghost9,South Korea,,M,
Junhyung,Yong Junyung,1989-12-19,Highlight,South Korea,Seoul,M,
Hyunwoo,Baek Hyunwoo,1999-03-19,D-CRUNCH,South Korea,,M,
Hyunwoo,Kim Hyunwoo,2001-01-21,TRCNG,South Korea,,M,
Sanghoon,Lee Sanghoon,1993-12-23,,South Korea,Cheongju,M,
Niel,Ahn Daniel,1994-08-16,Teen Top,South Korea,Anyang,M,
Jaeyoon,Lee Jaeyoon,1994-08-09,SF9,South Korea,,M,
Dongwoon,Son Dongwoon,1991-06-06,Highlight,South Korea,Busan,M,
Taehun,Choi Taehun,2002-11-19,TNX,South Korea,,M,
Taehun,Lee Taehoon,2000-03-21,NINE.i,South Korea,,M,
Castle J,Son Sangjoon,1999-05-31,MCND,South Korea,,M,
Seoyul,Seo Yuri,1997-11-26,Berry Good,South Korea,,F,
Arang,Park Yerim,2001-01-22,Pink Fantasy,South Korea,,F,
Arang,Son Mnjung,2000-03-08,,South Korea,,F,sunghyuk_seo
Lai Kuanlin,Lai Kuanlin,2001-09-23,Wanna One,Taiwan,New Taipei,M,
Chanmi,Kim Chanmi,1996-06-19,AoA,South Korea,Gumi,F,chanmi_96a
Krystal,Krystal Jung,1994-10-24,f(x),South Korea,San Francisco,F,vousmevoyez
Gaon,Beom Gaon,2001-03-09,Bonus Baby,South Korea,,F,
Liyah,Moon Liya,2000-05-11,MIXX,South Korea,,F,
Jackson,Jackson Wang,1994-03-28,GOT7,Hong Kong,Hong Kong,M,
Lily,Lily Jin Morrow,2002-10-17,NMIXX,Australia,Marysville,F,
Seyong,Kim Seyong,1991-11-20,MYNAME,South Korea,Busan,M,
Jamie,Park Jimin,1997-07-05,15&,South Korea,Junggu,F,jiminxjamie
Sullyoon,Seol Yoona,2004-01-26,NMIXX,South Korea,,F,
Changbum,Woo Changbum,1993-10-07,,South Korea,Sokcho,M,
Songhee,Yoon Songhee,1998-11-08,BVNDIT,South Korea,,F,
Chaelin,Lee Chaelin,1999-10-20,FANATICS,South Korea,,F,
Sujin,Bang Sujin,1996-06-26,Wassup,South Korea,,F,
Jongho,Choi Jongho,2000-10-12,ATEEZ,South Korea,,M,
Mayna,Shaoxi Mengna,2000-05-12,HOT ISSUE,China,,F,
Hikaru,Ezaki Hikaru,2004-03-12,Kep1er,Japan,,F,
Moko,Sakura Moko,1991-03-19,Honey Popcorn,Japan,,F,
Q,Ji Changmin,1998-11-05,The Boyz,South Korea,,M,
St. Van,Lee Geumhyuk,1991-12-22,VAV,South Korea,,M,
Huihyeon,Ki Huihyeon,1995-06-16,DIA,South Korea,Namwon,F,
Sangah,Yoo Sangah,2002-09-04,LIGHTSUM,South Korea,Incheon,F,
Jongseob,Kim Jongseob,2005-11-19,P1Harmony,South Korea,,M,
Go_U,Jang Junho,2001-06-15,BLITZERS,South Korea,,M,
Narachan,Jung Hyunwoo,1996-09-23,MONT,South Korea,,M,
Jaehyo,Ahn Jaehyo,1990-12-23,Block B,South Korea,Busan,M,
Semi,Gu Semi,2002-04-10,Cignature,South Korea,,F,
Hanbin,Ngo Ngoc Hung,1998-01-19,TEMPEST,Vietnam,,M,
Minsung,Kim Minhwi,1996-12-24,Romeo,South Korea,,M,
Yukyung,Lee Yukyung,1999-11-05,ALICE,South Korea,,F,
Sanga,Lee Sanga,1999-08-05,,South Korea,,F,
Sanha,Yoon Sanha,2000-03-21,ASTRO,South Korea,Seoul,M,
Junghun,Jang Junghun,1999-02-27,Astin,South Korea,,M,
Junji,Kim Junhyung,1998-04-06,OnlyOneOf,South Korea,,M,
Moonbyul,Moon Byulyi,1992-12-22,Mamamoo,South Korea,Bucheon,F,
Minjun,Kim Minjun,1999-02-26,NINE.i,South Korea,,M,
Jen,Kim Yehyeon,1997-03-27,UNVS,South Korea,,M,
Sei,Lee Seojung,2000-01-07,Weki Meki,South Korea,,F,
Heejoo,Jeon Heejoo,1996-11-30,Ho1iday,South Korea,,F,
EunB,Byun Eunbi,2000-11-23,PRECIOUS,South Korea,Busan,F,
EunB,Shin Eunbi,2000-09-17,Maka Maka,South Korea,,F,
Soohyun,Shin Soohyun,1989-03-11,U-KISS,South Korea,Pocheon,M,
Ilhoon,Jung Ilhoon,1994-10-04,BtoB,South Korea,Seoul,M,
Saebyeok,Shim Jaeyoung,1996-11-09,Ho1iday,South Korea,,F,
Jooyeon,Lee Jooyeon,1987-03-19,,South Korea,Seoul,F,jupppal
Boram,Jeon Boram,1986-03-22,,South Korea,Seoul,F,bo_ram_0322
Miyeon,Jo Miyeon,1997-01-31,(G)I-DLE,South Korea,,F,
Yeonkyu,Kim Yeonkyu,2004-05-03,ATBO,South Korea,Seoul,M,
U,Mizuguchi Yuto,1999-03-16,ONF,Japan,Osaka,M,
U,Sun Hengyu,2001-06-22,BLANK2Y,China,,M,
Jeongyeon,Yoo Jeongyeon,1996-11-01,Twice,South Korea,Suwon,F,
Jaebin,Deung Bin,1997-02-13,VARSITY,China,Hunan,M,
Hyuk,Han Sanghyuk,1995-07-05,VIXX,South Korea,Daejeon,M,
Hyuk,Koo Bonhyuk,2000-04-17,TEMPEST,South Korea,,M,
Hyuk,Yang Hyuk,2000-03-15,OMEGA X,South Korea,,M,
J-Us,Lee Seungjoon,1995-01-13,ONF,South Korea,Seoul,M,
Nason,Kim Duyeop,1995-06-12,CHECKMATE,South Korea,,M,
Sangho,Jo Sangho,1995-02-10,SNUPER,South Korea,Changwon,M,
Jonghyeong,Kim Jonghyeong,2002-04-13,Dongkiz,South Korea,,M,
AhIn,Lee Ahin,1999-09-27,MOMOLAND,South Korea,Wonju,F,
Eli,Ellison Kim,1991-03-13,U-KISS,USA,Los Angeles,M,
Chanty,Maria Chantal Videla,2002-12-15,Lapillus,Philippines,Manila,F,
Sandeul,Lee Junghwan,1992-03-20,B1A4,South Korea,Busan,M,
Junghwan,So Junghwan,2005-02-18,Treasure,South Korea,,M,
Yezi,Lee Yeji,1994-08-26,Fiestar,South Korea,Gangneung,F,-
J.YOU,Kim Jaeyu,2000-11-02,TOO,South Korea,,M,
Hitomi,Honda Hitomi,2001-10-06,IZ*ONE,Japan,Toghichi,F,
Dongyun,Kim Dongyun,2002-02-18,DRIPPIN,South Korea,,M,
Tiffany,Hwang Miyoung,1989-08-01,SNSD,South Korea,San Francisco,F,xolovestephi
Seunghan,Lee Seunghan,1996-02-22,DUSTIN,South Korea,,M,
Jaehyuk,Yoon Jaehyuk,2001-07-23,Treasure,South Korea,,M,
Lina,Oh Hyesoo,1997-05-23,RedSquare,South Korea,,F,
Lina,Oh Sejin,1997-07-27,ANS,South Korea,,F,
Daeyeol,Lee Daeyeol,1993-02-11,Golden Child,South Korea,Yongin,M,
Haram,Kim Haram,2001-01-13,Billlie,South Korea,,F,
Momo,Hirai Momo,1996-11-09,Twice,Japan,Kyoto,F,
Zin,Jin Hyunbin,2001-08-31,bugAboo,South Korea,,F,
Andy,Lee Sunho,1981-01-21,Shinhwa,South Korea,Seoul,M,
Andy,Lui Chunyeung,1994-10-06,7 O'clock,Hong Kong,,M,
Sungjong,Lee Sungjong,1993-09-03,Infinite,South Korea,Gwangju,M,
Xia Junsu,Kim Junsu,1986-12-15,JYJ,South Korea,,M,
Rina,Kang Soeun,2001-09-27,Weki Meki,South Korea,,F,
Lena,Kang Rena,2002-04-17,GWSN,South Korea,,F,
Taecyeon,Ok Taecyeon,1988-12-27,2PM,South Korea,Busan,M,
Seonyu,Kim Seonyu,2008-03-20,CLASS:y,South Korea,,F,
Kelly,Lin Kelly,2002-01-16,TRI.BE,Taiwan,Kaohsiung,F,
Yeji,Hwang Yeji,2000-05-26,ITZY,South Korea,Seoul,F,
Jungah,Kim Jungah,1983-08-02,,South Korea,Incheon,F,i_am_jjunga
Haruna,Osato Haruna,2006-01-30,Billlie,Japan,,F,
Blue,Jung Gahee,1994-01-18,Pungdeng-E,South Korea,Gwangju,F,
Kio,Udo Musashi,2004-11-28,T1419,South Korea,,M,
Yibo,Wang Yibo,1997-08-05,UNIQ,China,,M,
Yeoreum,Ahn Chaeyeon,1996-06-04,Hello Venus,South Korea,,F,
Yeoreum,Lee Jinsook,1999-01-10,Cosmic Girls,South Korea,Seoul,F,
Kiwon,Lee Kiwon,1996-06-27,GIDONGDAE,South Korea,,M,kiwon_1810
Song,Song Yunhyeong,1995-02-08,iKON,South Korea,,M,
Rakwon,Seok Rakwon,2003-11-14,ATBO,South Korea,,M,
BamBam,Kunpimook Bhuwakul,1997-05-02,GOT7,Thailand,Bangkok,M,
Jeonghan,Yoon Jeonghan,1995-10-04,Seventeen,South Korea,Seoul,M,
Elly,Jung Haerim,1998-07-20,Weki Meki,South Korea,,F,
Sungjun,Lee Sungjun,2002-06-15,BLANK2Y,South Korea,,M,
Sungjun,Oh Sungjun,2005-08-30,TNX,South Korea,Dalcheon,M,
Sungjun,Park Sungjun,1992-12-17,Boys Republic,South Korea,Ansan,M,
JooA,Lee Juhyun,2002-03-04,Hi-L,South Korea,,F,
Lune,Jung Sungmin,2000-02-27,DKB,South Korea,,M,
D.O.,Do Kyungsoo,1993-01-12,EXO,South Korea,Gyeonggi,M,
Yunseong,Hwang Yunseong,2000-10-30,DRIPPIN,South Korea,,M,
Jessica,Jessica Jung,1989-04-18,,South Korea,,F,jessica.syj
Minzy,Kong Minji,1994-01-18,2NE1,South Korea,,F,
Yena,Choi Yena,1999-09-29,IZ*ONE,South Korea,Seoul,F,
Yena,Jeong Yena,2000-04-10,G-reyish,South Korea,,F,
Yena,Yang Yena,2000-05-22,APRIL,South Korea,Daegu,F,
Chahee,Park Sooyoung,1996-03-24,MELODYDAY,South Korea,,F,hichaheebye
Jinho,Jo Jinho,1992-04-17,PENTAGON,South Korea,,M,
Hyejeong,Shin Hyejeong,1993-08-10,AoA,South Korea,Seoul,F,dongdong810
Ailee,Lee Yejin,1989-05-30,,South Korea,Denver,F,aileeonline
Joo E,Lee Joowon,1999-08-18,MOMOLAND,South Korea,Bucheon,F,
BoA,Kwon Boa,1986-11-05,,South Korea,Guri,F,boakwon
Simyeong,Lee Simyeong,1999-05-27,BVNDIT,South Korea,,F,
Suhyeon,Kim Seunghyun,1988-04-19,S#aFLA,South Korea,,F,
Suhyeon,Kim Suhyun,2000-01-15,Billlie,South Korea,Daegu,F,
Byungchan,Choi Byungchan,1997-11-12,VICTON,South Korea,,M,
Dan-a,Park Seungyeon,1993-06-26,Matilda,South Korea,,F,
Bae,Bae Jinsol,2004-12-28,NMIXX,South Korea,,F,
Yejun,Oh Yejun,2002-08-23,E'LAST,South Korea,,M,
Hyojin,Kim Hyojin,1994-04-22,ONF,South Korea,Seoul,M,
YeeEun,Jang Yeeun,1998-08-10,CLC,South Korea,Dongducheon,F,
Sooyoung,Choi Sooyoung,1990-02-10,SNSD,South Korea,Gwangju,F,hotsootuff
Seunghee,Hyun Seunghee,1996-01-25,Oh My Girl,South Korea,Chuncheon,F,
Seunghee,Oh Seunghee,1995-10-10,CLC,South Korea,Gwangju,F,
Yenny,Park Yeeun,1989-05-26,Wonder Girls,South Korea,Goyang,F,hatfelt
Villain,Lee Seunghyun,1998-07-17,Spectrum,South Korea,,M,
Chaewon,Kim Chaewon,2000-08-01,LE SSERAFIM,South Korea,Seoul,F,
Chaewon,Lee Chaewon,2000-03-18,Maka Maka,South Korea,,F,
Chaewon,Yoon Chaewon,2003-06-04,CLASS:y,South Korea,,F,
Wooshin,Kim Wooseok,1996-10-27,UP10TION,South Korea,Daejeon,M,
Woolim,Hwang Woolim,1996-08-29,Playback,South Korea,,F,
Miya,Miyauchi Haruka,1993-05-26,GWSN,Japan,,F,
Jibeom,Kim Jibeom,1999-02-03,Golden Child,South Korea,,M,
Jiahn,Yoo Jiahn,1992-04-01,IN2IT,South Korea,,M,
Seokhwa,Kang Seokhwa,2000-12-01,WEi,South Korea,,M,
Douhyun,Yoo Douhyun,2000-12-25,Mirae,South Korea,,M,
Loha,Kang Yejin,2001-12-27,Nature,South Korea,,F,
Dara,Park Sandara,1984-11-12,2NE1,South Korea,,F,daraxxi
Bullet,Jin Junwoo,1995-12-02,VARSITY,South Korea,Seoul,M,
Kwangmin,Jo Kwangmin,1995-04-24,Boyfriend,South Korea,Anyang,M,
Haru,Abe Haruno,2000-02-21,NATURE,Japan,,F,
Haru,Han Sangsook,1994-07-06,Gate9,South Korea,Bucheon,F,hanharuuu
Haru,Lee Yoojeong,1997-02-26,Ho1iday,South Korea,,F,
Kyla,Kyla Massie,2001-12-26,Pristin,USA,California,F,
Lee Know,Lee Minho,1998-10-25,Stray Kids,South Korea,Gimpo,M,
Victoria,Song Qian,1987-02-02,f(x),China,Qingdao,F,victoria02_02
Hyejin,Baek Hyejin,1996-11-21,4TEN,South Korea,Sacheon,F,
Hyejin,Kang Hyejin,2000-07-13,CRAXY,South Korea,,F,
Milo,Kim Minhak,1996-08-20,Romeo,South Korea,,M,
Kwanghee,Hwang Kwanghee,1988-08-25,ZE:A,South Korea,Paju,M,
Samuel,Kim Samuel,2002-01-17,,South Korea,Los Angeles,M,
Seungjun,Ji Seungjun,1998-09-15,Astin,South Korea,,M,
J-Hoon,Lim Junghoon,1990-07-15,B.I.G,South Korea,Seoul,M,
Nada,Yoon Yejin,1991-05-24,,South Korea,,F,
Daon,Ahn Seonil,2000-12-10,DUSTIN,South Korea,,M,
Della,Park Sehyun,1995-09-03,Rockit Girl,South Korea,,F,
Jungmo,Koo Jungmo,2000-02-05,CRAVITY,South Korea,,M,
EJ,Kim Eunji,1997-08-13,ALICE,South Korea,,F,
Namjoo,Kim Namjoo,1995-04-15,Apink,South Korea,Seoul,F,sarangdungy
Gohyeon,Go Hyeon,1994-10-01,14U,South Korea,,M,
Ayeon,Son Minji,2002-09-29,Saturday,South Korea,,F,
Dajeong,Jung Dajeong,2003-07-31,Pixy,South Korea,,F,
Dajeong,Kim Dajeong,1995-08-08,Hashtag,South Korea,Gwangju,F,
Yoosung,Jeong Yoosung,1992-10-08,,South Korea,,M,
Yuto,Adachi Yuto,1998-01-23,PENTAGON,Japan,,M,
Gikwang,Lee Gikwang,1990-03-30,Highlight,South Korea,Gwangju,M,
Swan,Kim Suan,2000-12-28,CRAXY,South Korea,,F,
Swan,Park Soojin,2003-07-11,Purple Kiss,South Korea,,F,
Elkie,Chong Ting Yan,1998-11-02,,Hong Kong,Hong Kong,F,
Winter,Kim Minjung,2001-01-01,aespa,South Korea,Yangsan,F,
Sumin,Bae Sumin,2001-03-13,STAYC,South Korea,Pohang,F,
Sumin,Ji Sumin,1994-03-03,Sonamoo,South Korea,Yongin,F,
Sumin,Park Sumin,2001-09-09,Dreamnote,South Korea,,F,
Xiao,Lee Dongyeol,1998-12-13,UP10TION,South Korea,Busan,M,
Mill,Lee Yongsoo,1999-03-30,OnlyOneOf,South Korea,,M,
Jooheon,Lee Jooheon,1994-10-06,MONSTA X,South Korea,Daegu,M,
Wooyeop,Jo Wooyeop,2000-09-27,TRCNG,South Korea,,M,
Himchan,Kim Himchan,1990-04-19,B.A.P,South Korea,Seoul,M,
Lara,Moon Shinae,2000-08-09,Dreamnote,South Korea,,F,
Yeseo,Kang Yeseo,2005-08-22,Kep1er,South Korea,,F,
Hongbin,Lee Hongbin,1993-09-29,VIXX,South Korea,Seoul,M,
Lim Jimin,Lim Jimin,2001-05-22,JUST B,South Korea,,M,
Sangmin,Kim Sangmin,1992-07-07,CROSS GENE,South Korea,Jinju,M,
Jewon,Woo Jewon,1998-11-28,NINE.i,South Korea,,M,
Doyeon,Kim Doyeon,1999-12-04,Weki Meki,South Korea,Incheon,F,
Medic Jin,Bae Yujin,1996-08-25,Girlkind,South Korea,,F,
Geonu,Lee Geonwoo,2001-02-02,JUST B,South Korea,,M,
Heesu,Kim Heesu,1998-03-24,Maka Maka,South Korea,,F,
Jinkwon,Kim Jinkwon,2001-01-31,Newkidd,South Korea,,M,
Sya,Lee Junyoung,2002-09-09,BLITZERS,South Korea,,M,
Lua,Kim Sookyung,2000-10-06,Weki Meki,South Korea,,F,
Kris,Wu Yifan,1990-11-06,,Canada,Guangzhou,M,
Handong,Han Dong,1996-03-26,Dreamcatcher,China,Wuhan,F,
Kidoh,Jin Hyosang,1992-12-16,,South Korea,Seoul,M,
Donghyuk,Park Donghyuk,1999-12-18,BLANK2Y,South Korea,,M,
Yiyeon,Jung Dasol,1995-05-28,BVNDIT,South Korea,,F,
Momoka,Matsuda Momoka,2000-12-26,Pink Fantasy,Japan,,F,
New Sun,Choi Yoonsun,1997-06-19,Sonamoo,South Korea,,F,
Bomin,Choi Bomin,2000-08-24,Golden Child,South Korea,,M,
Bomin,Kim Bomin,2001-09-24,RedSquare,South Korea,Gwangju,F,
Ida,Ko Chaeyoung,2000-05-19,MAJORS,South Korea,,F,
Mimi,Jung Mimi,1993-01-01,Gugudan,South Korea,,F,
Mimi,Kim Mihyun,1995-05-01,Oh My Girl,South Korea,Jeju,F,
Siwan,Yim Siwan,1988-12-01,ZE:A,South Korea,Busan,M,
Taerae,Kim Taerae,2002-09-05,TEMPEST,South Korea,,M,
A-min,Cho Minwoo,2004-05-22,EPEX,South Korea,Namyangju,M,
Hyosun,Lim Hyosun,1998-07-10,H.U.B,South Korea,,F,
Kaeun,Lee Kaeun,1994-08-20,After School,South Korea,Seoul,F,realkkaaanngg
Aeji,Kwon Aeji,1999-10-25,Hashtag,South Korea,Daegu,F,
Minjung,Cha Minjung,2004-07-15,,South Korea,,F,
Noeul,No Eul,1989-05-10,Rainbow,South Korea,Jeonju,F,
Taeeun,Moon Taeeun,2000-02-09,IM,South Korea,,M,
Sihyoung,Kim Sihyoung,1992-05-15,HISTORY,South Korea,Busan,M,
Zelo,Choi Junhong,1996-10-15,B.A.P,South Korea,Mokpo,M,
Gaeun,Cho Kaeun,1992-07-28,,South Korea,Changwon,F,
Miso,Jeon Jimin,2000-10-25,Dreamnote,South Korea,,F,
Miso,Park Jihyun,1996-09-16,P.O.P,South Korea,Busan,F,
Miso,Park Miso,1991-04-04,Tahiti,South Korea,Gwangju,F,
Sangil,Shim Sangil,1993-05-01,SNUPER,South Korea,Seoul,M,
Aisha,Heo Yoorim,2000-07-21,Everglow,South Korea,,F,
Xeheun,Lee Seheun,1999-07-11,Girlkind,South Korea,,F,
Jeewon,Kim Jiwon,1999-04-01,Cignature,South Korea,Busan,F,
KB,Shin Kyubin,1994-04-23,OnlyOneOf,South Korea,,M,
Haebin,Han Haebin,1995-08-16,Gugudan,South Korea,,F,
Giselle,Uchinaga Aeri,2000-10-30,aespa,Japan,,F,
Keum,Keum Donghyun,2003-05-14,EPEX,South Korea,Okcheon,M,
Gowoon,Moon Joojeong,1998-12-18,Berry Good,South Korea,,F,
Linzy,Im Minji,1989-10-22,Fiestar,South Korea,Incheon,F,linzy_minji
Daye,Kim Hyunjung,1998-02-25,Berry Good,South Korea,,F,
J,Jang Yeeun,2004-12-09,STAYC,South Korea,Daejeon,F,
J,Lee Yeji,1998-02-12,ANS,South Korea,,F,
Chaejeong,Lee Chaejeong,1999-08-26,ALICE,South Korea,,F,
Daeil,Kim Daeil,1992-05-10,,South Korea,Busan,M,
Peniel,Shin Donggeun,1993-03-10,BtoB,South Korea,Chicago,M,
Laon,Shin Kyuhyun,1995-12-19,ENOi,South Korea,,M,
Hangyeom,Song Hangyeom,1996-07-17,OMEGA X,South Korea,,M,
Sohyun,Kwon Sohyun,1994-08-30,4minute,South Korea,Seoul,F,kkwonsso_94
Woodam,Park Woodam,1995-08-02,D1CE,South Korea,,M,
Jin,Kim Seokjin,1992-12-04,BTS,South Korea,Gwacheon,M,
Dey,Kim Sehyun,2003-06-11,YOUNITE,South Korea,,M,
Seungkwan,Boo Seungkwan,1998-01-16,Seventeen,South Korea,Jeju,M,
Jiwoo,Jeon Jiwoo,1996-10-04,KARD,South Korea,,F,
Jiwoo,Kim Jiwoo,2005-04-13,NMIXX,South Korea,,F,
Jiwoo,Lee Jiwoo,2005-10-24,tripleS,South Korea,,F,
Jeonghee,Go Jeonghee,2000-03-11,Favorite,South Korea,Incheon,F,
Bang Chan,Bang Chan,1997-10-03,Stray Kids,Australia,Sydney,M,
Ashley,Ashley Choi,1991-11-09,Ladies' Code,South Korea,Incheon,F,
Jiyoon,Jeon Jiyoon,1990-10-15,4minute,South Korea,Seoul,F,jenyerjiyoon
Jiyoon,Shin Jiyoon,2002-03-02,,South Korea,,F,
Jiyoon,Woo Jiyoon,1996-01-06,Bolbbalgan4,South Korea,Yeongju,F,
Lime,Kim Hyerim,1993-01-19,Hello Venus,South Korea,,F,hv_lime
Chani,Kang Chanhee,2000-01-17,SF9,South Korea,,M,
Jane,Sung Jiyeon,1997-12-20,MOMOLAND,South Korea,Changwon,F,
Aini,Kim Heejung,1991-07-13,,South Korea,,F,
Moon Sua,Moon Sua,1999-09-09,Billlie,South Korea,Cheongju,F,
Seyeon,Park Seyeon,2001-05-06,Purplebeck,South Korea,,F,
Minwoo†,Seo Minwoo,1985-02-08,100%,South Korea,Daegu,M,
Sana,Minatozaki Sana,1996-12-29,Twice,Japan,Osaka,F,
Junhyeok,Kim Junhyeok,1993-07-17,,South Korea,,M,
Iaan,Yoo Dongju,2002-03-22,XUM,South Korea,,F,sunghyuk_seo
Hyungseo,Myeong Hyeongseo,2001-06-25,CLASS:y,South Korea,,F,
Miko,Matsuda Miko,1995-10-28,Honey Popcorn,Japan,,F,
Sejin,Lee Sejin,1999-07-22,14U,South Korea,,M,
Shinyoung,Park Shinyoung,2000-03-19,G-reyish,South Korea,,F,
Dokyun,Na Dokyun,1991-02-11,HISTORY,South Korea,Daejeon,M,
Kongyeol,Go Minsoo,1996-05-19,UP10TION,South Korea,Bucheon,M,
Yuuri,Tokunaga Yuuri,2001-05-16,LUNARSOLAR,Japan,,F,
Seola,Kim Hyunjung,1994-12-24,Cosmic Girls,South Korea,Seoul,F,seola_s
Hanbyul,Kyung Hanbyul,2005-07-01,PRECIOUS,South Korea,Seoul,F,
Minju,Kang Minjoo,2001-03-11,GWSN,South Korea,,F,
Jihoon,Park Jihoon,2000-03-14,Wanna One,South Korea,Masan,M,
Bahiyyih,Huening Bahiyyih,2004-07-27,Kep1er,USA,,F,
Chaehyun,Kim Chaehyun,2002-04-26,Kep1er,South Korea,,F,
Seunghyun,Lee Seunghyun,2001-12-31,TheEastLight,South Korea,,M,
Seunghyun,Song Seungyun,1992-08-21,FTISLAND,South Korea,Seoul,M,
Jeongmin,Lee Jeongmin,1994-02-01,Boyfriend,South Korea,Suwon,M,
Surin,Kim Surin,1991-12-27,Two X,South Korea,,F,
Eunji,Hong Eunji,1992-07-19,Brave Girls,South Korea,Seoul,F,
Eunji,Jung Eunji,1993-08-18,Apink,South Korea,Busan,F,artist_eunji
Satbyeol,Jeon Yujin,2001-02-27,Pixy,South Korea,,F,
Yongguk,Bang Yongguk,1990-03-31,B.A.P,South Korea,Incheon,M,
Jaehyun,Bong Jaehyun,1999-01-04,Golden Child,South Korea,,M,
Jaehyun,Jung Yoonoh,1997-02-14,NCT,South Korea,Seoul,M,
Jaehyun,Kim Jaehyun,1994-07-15,N.Flying,South Korea,Seoul,M,
Taeyang,Dong Youngbae,1988-05-18,BIGBANG,South Korea,Uljeongbu,M,
Taeyang,Yoo Taeyang,1997-02-28,SF9,South Korea,,M,
Liz,Kim Jiwon,2004-11-21,IVE,South Korea,,F,
Chanyeol,Park Chanyeol,1992-11-27,EXO,South Korea,Seoul,M,
Donghun,Lee Donghun,1993-05-15,A.C.E,South Korea,Suncheon,M,
Hwani,Jo Sihyeon,1994-11-16,DUSTIN,South Korea,,M,
Jaeho,Kim Jaeho,1992-09-17,HISTORY,South Korea,,M,
Dino,Lee Chan,1999-02-11,Seventeen,South Korea,Iksan,M,
Eunjung,Ham Eunjung,1988-12-12,T-ara,South Korea,Seoul,F,sweetgirl_eunjung
Yerin,Baek Yerin,1997-06-26,15&,South Korea,Daejeon,F,yerinb
Yerin,Jung Yerin,1996-08-19,Gfriend,South Korea,Incheon,F,
Junwook,Kim Junwook,2002-01-10,TheEastLight,South Korea,,M,
Hyungsik,Park Hyungsik,1991-11-16,ZE:A,South Korea,Yongin,M,
Kenta,Takada Kenta,1995-01-10,JBJ,Japan,Fujioka,M,
Aki,Jang Minju,2001-02-12,MAJORS,South Korea,,F,
Raon,Lee Seoyoung,2000-01-21,ANS,South Korea,,F,
Woojin,Kim Woojin,1997-04-08,,South Korea,Daejeon,M,
Woojin,Lee Woojin,2003-04-07,TheEastLight,South Korea,,M,
Woojin,Park Woojin,1999-11-02,AB6IX,South Korea,Busan,M,
Seunghwan,Jeong Seunghwan,2004-01-27,ATBO,South Korea,Busan,M,
Seunghwan,Lee Seunghwan,2000-05-20,Romeo,South Korea,,M,
Haneul,Choi Haneul,2000-11-28,Saturday,South Korea,,F,
Haneul,Lee Haneul,1996-06-03,ARGON,South Korea,,M,
Yunji,Kim Yunji,1996-08-26,ARIAZ,South Korea,,F,
Yunji,Lee Yunji,1992-04-04,Playback,South Korea,,F,
On,Choi Juhwan,2002-10-16,T1419,South Korea,,M,
Hwi,Jo Mingyu,2002-09-26,Newkidd,South Korea,,M,
Hwi,Lee Choonghyun,1999-02-04,Ciipher,South Korea,,M,
Haechan,Lee Donghyuk,2000-06-06,NCT,South Korea,,M,
Seokcheol,Lee Seokchul,2000-01-11,TheEastLight,South Korea,,M,d.dj_dinosaur.lee.s.c
Jinju,Park Jinju,1990-04-28,,South Korea,,F,
Keumjo,Lee Keumjo,1992-12-17,9Muses,South Korea,Daegu,F,keumjo_1217
Yoojun,Jun Yoojun,1995-07-26,D1CE,South Korea,,M,
Yoojun,Jung Gun,2000-12-27,BAE173,South Korea,,M,
Harin,Ju Harin,1998-03-29,Onewe,South Korea,,M,
Harin,Park Guenhye,2000-05-26,Pink Fantasy,South Korea,,F,
Harin,Seo Harin,2000-12-07,BOTOPASS,South Korea,,F,
Hayoon,Jung Hayoon,1998-11-21,Bonus Baby,South Korea,,F,
Juyeon,Lee Juyeon,2001-11-06,The Boyz,South Korea,,M,
Jay,Kim Jinhwan,1994-02-07,iKON,South Korea,Jeju,M,
Jay,Park Jongsung,2002-04-20,ENHYPEN,South Korea,,M,
Yuji,Son Yuji,1998-11-25,3YE,South Korea,,F,
Taeyeon,Kim Taeyeon,1989-03-09,SNSD,South Korea,Jeonju,F,taeyeon_ss
Bokeun,Kim Bokeun,1994-10-12,SIGNAL,South Korea,,M,
Sun J,Jeon Heesun,2001-02-13,Girlkind,South Korea,,F,
Jin Jin,Park Jinwoo,1996-03-15,ASTRO,South Korea,Nowon,M,
Lola,Choi Yoojung,2001-02-22,Pixy,South Korea,,F,
Hyeran,Noh Hyeran,1993-04-09,,South Korea,,F,hrannnoh
Chaekyung,Yoon Chaekyung,1996-07-07,APRIL,South Korea,Incheon,F,
Somi,Jeon Somi,2001-03-09,,South Korea,Ontario,F,
Shinwon,Go Shinwon,1995-12-11,PENTAGON,South Korea,,M,
Shihyun,Kim Shihyun,1998-05-06,We In The Zone,South Korea,Changwon,M,
Hamin,Jo Hamin,1997-10-24,ENOi,South Korea,,M,
Hyunyoung,Cho Hyunyoung,1991-08-11,Rainbow,South Korea,Seoul,F,
Seea,Kang Eunyoung,1994-08-21,Pink Fantasy,South Korea,,F,
Bohyung,Kim Bohyung,1991-03-31,KEEMBO,South Korea,,F,
Jonghoon,Choi Jonghoon,1990-03-07,FTISLAND,South Korea,Seoul,M,
Cao Lu,Cao Lu,1987-08-30,Fiestar,China,Zhangjiajie,F,better_me_lulu
Jeongwoo,Park Jeongwoo,2004-09-28,Treasure,South Korea,,M,
Heesun,Park Heesun,2005-01-25,Pink Fantasy,South Korea,,F,
Hueningkai,Kai Kamal Huening,2002-08-14,TXT,USA,,M,
Hoya,Lee Howon,1991-03-28,,South Korea,Busan,M,
Kun,Qian Kun,1996-01-01,NCT,China,,M,
Jaejoong,Kim Jaejoong,1986-01-26,JYJ,South Korea,Gongju,M,
Jeff,Lee Jaeho,2005-04-21,EPEX,South Korea,,M,
Sangdo,Yoo Sangdo,1993-03-02,Topp Dogg,South Korea,Incheon,M,
P.O,Pyo Jihoon,1993-02-02,Block B,South Korea,Seoul,M,
Serri,Park Miyeon,1990-09-16,Dal Shabet,South Korea,Seoul,F,
Baekhyun,Byun Baekhyun,1992-05-06,EXO,South Korea,Wonmi,M,
Jiheon,Baek Jiheon,2003-04-17,fromis_9,South Korea,Jeolla,F,
Sangyeon,Lee Sangyeon,1996-11-04,The Boyz,South Korea,,M,
Yeram,Yang Yeram,2000-03-31,Astin,South Korea,,M,
Semmi,Oh Heesun,1995-10-22,Matilda,South Korea,,F,
Yoona,Im Yoona,1990-05-30,SNSD,South Korea,Seoul,F,yoona__lim
Yoona,Ogura Yuuna,2000-10-13,bugAboo,Japan,Sapporo,F,
Chiwoo,Guk Seungjun,2002-09-02,Kingdom,South Korea,,M,
Xiumin,Kim Minseok,1990-03-26,EXO,South Korea,Guri,M,
Gaga,Lee Soobin,1994-11-10,Gate9,South Korea,,F,gagag9
Gaga,Li Jia Jia,1999-09-01,,China,,F,
Kuhn,Noh Sooil,1995-11-11,UP10TION,South Korea,Ansan,M,
Taedong,Kim Taedong,1997-11-07,OMEGA X,South Korea,,M,
Jun. K,Kim Minjun,1988-01-15,2PM,South Korea,Daegu,M,
Chowon,Han Chowon,2002-09-16,LIGHTSUM,South Korea,Seoul,F,
Chowon,Kim Chowon,2005-08-18,ICHILLIN',South Korea,,F,
Rain,Jung Jihoon,1982-06-25,,South Korea,Seosan,M,
Jisung,Kim Jisung,2000-12-21,TRCNG,South Korea,,M,
Jisung,Park Jisung,2002-02-05,NCT,South Korea,,M,
Jisung,Yoon Jisung,1991-03-08,Wanna One,South Korea,Wonju,M,
Dosie,Jang Eunseung,2000-02-11,Purple Kiss,South Korea,,F,
Hyunho,Lee Hyunho,1998-11-04,D-CRUNCH,South Korea,,M,
Youngseo,Ryu Youngseo,2002-06-13,BAE173,South Korea,,M,
Yulhee,Kim Yulhee,1997-11-27,,South Korea,Bucheon,F,
Rokhyun,Kim Rokhyun,1991-02-10,100%,South Korea,Suncheon,M,
Hyunji,Kim Hyunji,1992-06-30,Hashtag,South Korea,,F,
Dann,Jung Seungbo,1997-11-01,Kingdom,South Korea,Ilsan,M,
Chorong,Park Chorong,1991-03-03,Apink,South Korea,Chungwongoon,F,mulgokizary
Kim Lip,Kim Jungeun,1999-02-10,LOONA,South Korea,,F,
Doah,Kim Doah,2003-12-04,FANATICS,South Korea,,F,
Vita,Kim Jimin,2000-02-03,MAJORS,South Korea,,F,
Mihee,Lee Mihee,2000-08-24,BOTOPASS,South Korea,,F,
Soyou,Kang Jihyun,1992-02-12,SISTAR,South Korea,,F,soooo_you
Yuem,Park Subin,1996-12-25,H.U.B,South Korea,,F,
Changbin,Seo Changbin,1999-08-11,Stray Kids,South Korea,Yongin,M,
Yeo One,Yeon Changgu,1996-03-27,PENTAGON,South Korea,,M,
Gyeongtae,Kwon Gyeongtae,2000-07-23,14U,South Korea,,M,
Yuju,Choi Yuju,1997-03-05,Cherry Bullet,South Korea,,F,
Yuju,Choi Yuna,1997-10-04,Gfriend,South Korea,Goyang,F,
Wei,Lee Sungjun,1996-07-08,UP10TION,South Korea,Seoul,M,
Chaein,Lee Chaeyoung,2002-12-05,Purple Kiss,South Korea,,F,
Johyun,Shin Jiwon,1996-04-14,Berry Good,South Korea,,F,
Jieun,Choi Jieun,2001-03-03,Bling Bling,South Korea,,F,
Jieun,Park Jieun,1997-09-04,Purple Kiss,South Korea,,F,
Jieun,Song Jieun,1990-05-05,SECRET,South Korea,Seoul,F,secret_jieunssong
Baekgyeul,Baek Sunwoo,1999-12-01,E'LAST,South Korea,,M,
Yein,Ahn Yein,1995-05-04,MELODYDAY,South Korea,,F,yen_thankful954
Yein,Jeong Yein,1998-06-04,Lovelyz,South Korea,Incheon,F,
Saebyeol,Han Saebyeol,1996-05-23,Matilda,South Korea,,F,
Hyojung,Choi Hyojung,1994-07-28,Oh My Girl,South Korea,Yangyang,F,
Cui Xiang,Cui Xiang,1995-01-26,BOTOPASS,China,,F,
Kiara,Baek Jinjoo,1998-08-20,,South Korea,,F,
Donghyun,Kim Donghyun,1999-02-23,Golden Child,South Korea,,M,
BIBI,Kim Hyungseo,1998-09-27,,South Korea,,F,
Riwon,Kim Riwon,2007-01-11,CLASS:y,South Korea,,F,
Seongwu,Ong Seunwu,1995-08-25,Wanna One,South Korea,Incheon,M,
Yohan,Kim Yohan,1999-09-22,WEi,South Korea,,M,
Yeosang,Kang Yeosang,1999-06-15,ATEEZ,South Korea,Incheon,M,
Areum,Kim Daun,1998-01-31,AREAL,South Korea,,F,
Seoham,Park Seoham,1993-10-28,KNK,South Korea,,M,
The8,Xu Minghao,1997-11-07,Seventeen,China,Anshan,M,
Keina,Lee Yoona,1999-02-12,H.U.B,South Korea,,F,
Baro,Cha Sunwoo,1992-09-05,,South Korea,Gwangju,M,
Sungah,Son Sungah,1989-07-08,9Muses,South Korea,Suma,F,ssungahhbaby
Jun H.,Im Joonhyun,1991-08-28,UNVS,South Korea,,M,
JB,Im Jaebum,1994-01-06,GOT7,South Korea,Goyang,M,
Arthur,Jang Yunho,2000-04-15,Kingdom,South Korea,,M,
Dayeon,Hwang Da Kyeon,1995-11-17,XUM,South Korea,,F,sunghyuk_seo
Dayeon,Kim Dayeon,2003-03-02,Kep1er,South Korea,,F,
Seoi,Lee Yejin,2000-02-12,H1-KEY,South Korea,,F,
Haena,Jeon Eunbi,2002-02-19,ANS,South Korea,,F,
Haena,Lee Haena,1991-06-02,Matilda,South Korea,,F,
Jinhong,Kim Jinhong,1998-01-02,24K,South Korea,Seoul,M,
Junseok,Oh Junseok,2003-03-03,ATBO,South Korea,Jeju,M,
Yonggeun,Jo Yonggeun,1995-01-23,D1CE,South Korea,,M,
Karin,Baek Yerin,2000-04-23,CRAXY,South Korea,,F,
Karin,Min Karin,2002-01-05,ALICE,South Korea,,F,
Remi,Katsuno Rise,2001-04-26,Cherry Bullet,Japan,,F,
Narsha,Park Hyojin,1981-12-28,Brown Eyed Girls,South Korea,,F,narsha81
Hyukjin,Jang Hyukjin,1993-12-20,100%,South Korea,Busan,M,
Hara†,Koo Hara,1991-01-13,KARA,South Korea,Gwangju,F,
Yeoeun,Jung Jieun,1990-01-25,MELODYDAY,South Korea,,F,yeosilver
Mikey,Morisaki Daisuke,2001-05-05,BLANK2Y,Japan,Hyogo,M,
Yeontae,Jeong Yeontae,1992-07-06,IN2IT,South Korea,,M,
Chan,Jo Chanhyuk,1999-12-08,TOO,South Korea,,M,
Chan,Jung Chanwoo,1998-01-26,iKON,South Korea,Yongin,M,
Chan,Kang Yoochan,1997-12-31,A.C.E,South Korea,Jeju,M,
Aurora,Yang Lan,1997-01-14,NATURE,China,,F,
Yehana,Kim Yewon,1999-02-22,Pristin,South Korea,Ilsan,F,
Romin,Choi Youngmin,2001-04-24,E'LAST,South Korea,,M,
Moon Bin,Moon Bin,1998-01-26,ASTRO,South Korea,Cheongju,M,
Daseul,Yang Daseul,2000-09-14,Maka Maka,South Korea,,F,
Kongyoo,Kong Yoojin,2001-05-11,Bonus Baby,South Korea,,F,
Doyoung,Kim Dongyoung,1996-02-01,NCT,South Korea,Guri,M,
Doyoung,Kim Doyoung,2003-12-04,Treasure,South Korea,,M,
Jeonguk,Kim Jeonguk,1993-03-20,24K,South Korea,Busan,M,
Eunho,Myung Eunho,2001-03-25,YOUNITE,South Korea,,M,
Eunho,Shin Donggeun,1992-09-10,UNVS,South Korea,,M,
Ellin,Kim Minyoung,1990-04-02,Crayon Pop,South Korea,Daegu,F,hiellin
Ji Hansol,Ji Hansol,1994-11-21,Newkidd,South Korea,Busan,M,jisol_11
Shin Hyesung,Jung Pilkyo,1979-11-27,Shinhwa,South Korea,Seoul,M,
Jongup,Moon Jongup,1995-02-06,B.A.P,South Korea,Seoul,M,
Insoo,Kang Insoo,1988-03-10,MYNAME,South Korea,Suwon,M,
Hyemi,Kim Hyemi,1990-08-10,Fiestar,South Korea,Seoul,F,hyemi_haaaaam
Hyemi,Pyo Hyemi,1991-04-03,9Muses,South Korea,Gwangju,F,pyopyohyemi
Kyuhyuk,Shim Kyuhyuk,1995-01-11,Hot Blood Youth,South Korea,,M,
Seol,Min Jihye,1997-01-01,P.O.P,South Korea,Gunsan,F,
I.N,Yang Jeongin,2001-02-08,Stray Kids,South Korea,Busan,M,
Juhan,Hong Seunghyun,2001-06-21,BLITZERS,South Korea,,M,
Jeon Woong,Jeon Woong,1997-10-15,AB6IX,South Korea,,M,
Siu,Hwang Inseok,1995-05-19,DUSTIN,South Korea,,M,
Sitala,Sitala Wongkrachang,1996-04-23,,Thailand,,F,
AleXa,Kim Seri,1996-12-06,,USA,,F,
Huiyeon,Oh Huiyeon,2005-08-01,,South Korea,,F,
Taeryeong,Lim Jeongmin,2000-12-27,LUNARSOLAR,South Korea,,F,
Ziu,Park Heejun,1997-06-16,VAV,South Korea,,M,
Suri,Kang Suri,1994-10-11,CHECKMATE,South Korea,,F,
Lee Joon,Lee Changseon,1988-02-07,,South Korea,Seoul,M,
